"","Ind_geo","Mes_serv","edad","est_civ","actual_direc","ingres_famim","nivel_educt","a_patr_act","retir","gener","num_pers_h"
"1","Zona 2",13,44,"casado",9,64,"Estudios Universitarios",5,0,"Hombre",2
"2","Zona 3",11,33,"casado",7,136,"Estudios de Postgrado",5,0,"Hombre",6
"3","Zona 3",68,52,"casado",24,116,"no completo enseñanza básica",29,0,"Mujer",2
"4","Zona 2",33,33,"soltero",12,33,"Enseñanza básica",0,0,"Mujer",1
"5","Zona 2",23,30,"casado",9,30,"no completo enseñanza básica",2,0,"Hombre",4
"6","Zona 2",41,39,"soltero",17,78,"Enseñanza básica",16,0,"Mujer",1
"7","Zona 3",45,22,"casado",2,19,"Enseñanza básica",4,0,"Mujer",5
"8","Zona 2",38,35,"soltero",5,76,"Enseñanza básica",10,0,"Hombre",3
"9","Zona 3",45,59,"casado",7,166,"Estudios Universitarios",31,0,"Hombre",5
"10","Zona 1",68,41,"casado",21,72,"no completo enseñanza básica",22,0,"Hombre",3
"11","Zona 2",5,33,"soltero",10,125,"Estudios Universitarios",5,0,"Mujer",1
"12","Zona 3",7,35,"soltero",14,80,"Enseñanza básica",15,0,"Mujer",1
"13","Zona 1",41,38,"casado",8,37,"Enseñanza básica",9,0,"Mujer",3
"14","Zona 2",57,54,"casado",30,115,"Estudios Universitarios",23,0,"Mujer",3
"15","Zona 2",9,46,"soltero",3,25,"no completo enseñanza básica",8,0,"Mujer",2
"16","Zona 1",29,38,"casado",12,75,"Estudios de Postgrado",1,0,"Hombre",4
"17","Zona 3",60,57,"soltero",38,162,"Enseñanza básica",30,0,"Hombre",1
"18","Zona 3",34,48,"soltero",3,49,"Enseñanza básica",6,0,"Mujer",3
"19","Zona 2",1,24,"soltero",3,20,"no completo enseñanza básica",3,0,"Hombre",1
"20","Zona 1",26,29,"casado",3,77,"Estudios Universitarios",2,0,"Hombre",4
"21","Zona 3",6,30,"soltero",7,16,"Enseñanza Media",1,0,"Mujer",1
"22","Zona 1",68,52,"casado",17,120,"no completo enseñanza básica",24,0,"Hombre",2
"23","Zona 3",53,33,"soltero",10,101,"Estudios de Postgrado",4,0,"Mujer",2
"24","Zona 3",55,48,"casado",19,67,"no completo enseñanza básica",25,0,"Hombre",3
"25","Zona 3",14,43,"casado",18,36,"no completo enseñanza básica",5,0,"Hombre",5
"26","Zona 2",1,21,"soltero",0,33,"Enseñanza básica",0,0,"Mujer",3
"27","Zona 2",42,40,"soltero",7,37,"Enseñanza básica",8,0,"Mujer",1
"28","Zona 3",25,33,"casado",11,31,"no completo enseñanza básica",5,0,"Hombre",4
"29","Zona 1",9,21,"casado",1,17,"Enseñanza básica",2,0,"Mujer",3
"30","Zona 2",13,33,"casado",9,19,"Estudios Universitarios",0,0,"Mujer",2
"31","Zona 1",56,37,"casado",6,36,"no completo enseñanza básica",13,0,"Mujer",2
"32","Zona 1",71,53,"casado",27,155,"Estudios de Postgrado",12,0,"Hombre",2
"33","Zona 1",35,50,"casado",26,140,"Enseñanza básica",21,0,"Mujer",4
"34","Zona 1",11,27,"casado",8,55,"Estudios de Postgrado",0,0,"Hombre",3
"35","Zona 2",60,46,"casado",13,163,"Enseñanza Media",24,0,"Hombre",2
"36","Zona 3",20,35,"casado",11,52,"Estudios Universitarios",0,0,"Hombre",2
"37","Zona 2",54,60,"soltero",38,211,"Estudios Universitarios",25,0,"Hombre",1
"38","Zona 1",44,57,"casado",1,186,"Enseñanza básica",17,0,"Hombre",2
"39","Zona 1",11,41,"casado",0,39,"no completo enseñanza básica",1,0,"Mujer",2
"40","Zona 2",72,57,"soltero",34,22,"Enseñanza básica",35,1,"Mujer",1
"41","Zona 3",10,41,"soltero",7,30,"no completo enseñanza básica",7,0,"Hombre",1
"42","Zona 2",15,28,"soltero",0,29,"Enseñanza básica",4,0,"Mujer",1
"43","Zona 2",27,28,"casado",4,23,"Enseñanza básica",8,0,"Hombre",5
"44","Zona 1",9,36,"casado",14,62,"Estudios Universitarios",10,0,"Hombre",6
"45","Zona 1",64,43,"casado",20,76,"Estudios Universitarios",20,0,"Mujer",4
"46","Zona 1",65,41,"casado",3,74,"Estudios Universitarios",16,0,"Hombre",2
"47","Zona 1",49,51,"casado",27,63,"Estudios Universitarios",19,0,"Hombre",5
"48","Zona 3",47,41,"casado",0,36,"Estudios Universitarios",8,0,"Hombre",2
"49","Zona 3",9,34,"casado",9,33,"Enseñanza básica",8,0,"Mujer",4
"50","Zona 1",5,36,"soltero",14,29,"Enseñanza básica",9,0,"Mujer",1
"51","Zona 2",30,34,"casado",4,27,"Enseñanza básica",1,0,"Hombre",5
"52","Zona 1",56,52,"casado",28,49,"Enseñanza básica",12,0,"Hombre",4
"53","Zona 3",10,22,"soltero",0,24,"Estudios Universitarios",0,0,"Hombre",1
"54","Zona 1",7,26,"casado",3,26,"Enseñanza básica",2,0,"Hombre",5
"55","Zona 1",52,27,"soltero",6,47,"Enseñanza Media",5,0,"Hombre",2
"56","Zona 2",36,45,"casado",1,94,"Enseñanza básica",18,0,"Mujer",5
"57","Zona 3",27,34,"soltero",8,21,"Enseñanza Media",4,0,"Mujer",1
"58","Zona 1",58,62,"casado",36,27,"no completo enseñanza básica",0,0,"Hombre",2
"59","Zona 2",41,52,"soltero",27,30,"Enseñanza básica",2,0,"Mujer",1
"60","Zona 2",47,40,"casado",16,127,"Estudios Universitarios",12,0,"Mujer",4
"61","Zona 2",55,39,"casado",15,137,"Enseñanza básica",20,0,"Mujer",2
"62","Zona 2",56,50,"casado",1,80,"Enseñanza básica",24,0,"Mujer",4
"63","Zona 3",35,55,"soltero",24,30,"Enseñanza básica",2,0,"Hombre",1
"64","Zona 2",69,51,"casado",11,438,"Estudios Universitarios",23,0,"Mujer",2
"65","Zona 2",44,39,"soltero",16,79,"Enseñanza básica",16,0,"Hombre",1
"66","Zona 3",36,47,"casado",16,63,"no completo enseñanza básica",23,0,"Hombre",2
"67","Zona 3",28,51,"casado",22,40,"Enseñanza Media",10,0,"Mujer",6
"68","Zona 1",72,67,"casado",44,51,"no completo enseñanza básica",34,1,"Hombre",2
"69","Zona 1",16,27,"soltero",5,37,"Enseñanza Media",5,0,"Hombre",4
"70","Zona 3",3,43,"soltero",19,61,"Estudios Universitarios",11,0,"Mujer",1
"71","Zona 1",40,57,"casado",15,22,"Enseñanza básica",9,0,"Hombre",2
"72","Zona 3",16,39,"soltero",6,44,"Estudios Universitarios",3,0,"Mujer",1
"73","Zona 1",20,42,"soltero",4,17,"Enseñanza Media",5,0,"Hombre",1
"74","Zona 2",48,43,"soltero",13,110,"Estudios de Postgrado",15,0,"Mujer",3
"75","Zona 2",64,48,"casado",13,91,"Enseñanza básica",24,0,"Hombre",2
"76","Zona 1",8,46,"soltero",3,46,"Enseñanza básica",8,0,"Hombre",1
"77","Zona 1",40,38,"casado",10,85,"Enseñanza Media",12,0,"Hombre",2
"78","Zona 2",38,71,"soltero",27,10,"Enseñanza básica",12,1,"Hombre",1
"79","Zona 1",67,68,"soltero",28,244,"no completo enseñanza básica",47,0,"Mujer",1
"80","Zona 1",26,42,"soltero",0,80,"Estudios Universitarios",15,0,"Mujer",1
"81","Zona 3",41,34,"casado",15,83,"Estudios de Postgrado",1,0,"Mujer",2
"82","Zona 2",2,31,"soltero",2,21,"no completo enseñanza básica",6,0,"Hombre",1
"83","Zona 3",20,48,"casado",29,24,"Enseñanza básica",3,0,"Hombre",2
"84","Zona 2",31,53,"soltero",2,351,"Enseñanza Media",31,0,"Mujer",1
"85","Zona 2",45,52,"casado",4,169,"Estudios Universitarios",29,0,"Mujer",4
"86","Zona 2",33,27,"casado",7,46,"Enseñanza básica",7,0,"Hombre",4
"87","Zona 1",10,26,"soltero",6,34,"Enseñanza Media",3,0,"Hombre",1
"88","Zona 2",62,54,"casado",2,50,"Estudios Universitarios",3,0,"Hombre",2
"89","Zona 2",4,35,"soltero",16,161,"Estudios de Postgrado",6,0,"Mujer",1
"90","Zona 1",42,47,"casado",17,212,"Estudios Universitarios",17,0,"Hombre",2
"91","Zona 3",27,51,"casado",3,80,"Estudios de Postgrado",11,0,"Hombre",3
"92","Zona 2",38,42,"soltero",1,30,"Estudios Universitarios",7,0,"Mujer",1
"93","Zona 3",52,61,"casado",3,53,"Estudios de Postgrado",1,0,"Mujer",2
"94","Zona 3",35,33,"soltero",9,73,"Estudios de Postgrado",4,0,"Mujer",1
"95","Zona 3",3,20,"casado",1,17,"Enseñanza básica",0,0,"Mujer",4
"96","Zona 2",17,33,"soltero",9,23,"Estudios de Postgrado",3,0,"Hombre",1
"97","Zona 1",55,53,"casado",21,34,"no completo enseñanza básica",8,0,"Hombre",2
"98","Zona 3",43,36,"casado",5,107,"no completo enseñanza básica",19,0,"Mujer",3
"99","Zona 2",47,25,"casado",5,21,"no completo enseñanza básica",1,0,"Mujer",2
"100","Zona 3",65,58,"soltero",30,83,"Enseñanza básica",16,0,"Mujer",1
"101","Zona 1",13,20,"soltero",1,17,"Enseñanza Media",0,0,"Hombre",5
"102","Zona 3",64,25,"casado",4,76,"Enseñanza Media",2,0,"Mujer",6
"103","Zona 2",12,24,"soltero",2,19,"no completo enseñanza básica",0,0,"Hombre",1
"104","Zona 1",29,32,"casado",0,49,"Estudios Universitarios",3,0,"Mujer",3
"105","Zona 2",23,47,"soltero",21,173,"Enseñanza Media",22,0,"Mujer",1
"106","Zona 2",14,35,"soltero",4,47,"Enseñanza Media",10,0,"Mujer",1
"107","Zona 1",35,61,"soltero",23,41,"Enseñanza básica",11,0,"Hombre",1
"108","Zona 3",26,39,"soltero",8,105,"Enseñanza Media",13,0,"Mujer",1
"109","Zona 1",13,54,"soltero",2,31,"Estudios Universitarios",2,0,"Hombre",1
"110","Zona 2",69,40,"casado",13,41,"Enseñanza básica",17,0,"Hombre",3
"111","Zona 3",61,50,"casado",30,102,"Estudios Universitarios",9,0,"Mujer",3
"112","Zona 2",45,22,"casado",2,36,"Estudios Universitarios",0,0,"Mujer",5
"113","Zona 2",3,37,"soltero",13,24,"no completo enseñanza básica",3,0,"Mujer",1
"114","Zona 2",53,22,"soltero",1,25,"Estudios Universitarios",0,0,"Hombre",2
"115","Zona 1",59,42,"soltero",1,68,"Enseñanza básica",21,0,"Mujer",1
"116","Zona 1",13,34,"soltero",11,20,"Enseñanza Media",0,0,"Mujer",1
"117","Zona 3",31,31,"soltero",4,48,"no completo enseñanza básica",15,0,"Hombre",1
"118","Zona 1",40,29,"casado",6,40,"Enseñanza básica",8,0,"Mujer",5
"119","Zona 1",48,55,"soltero",15,79,"no completo enseñanza básica",25,0,"Hombre",1
"120","Zona 3",3,31,"soltero",1,28,"no completo enseñanza básica",0,0,"Hombre",1
"121","Zona 2",51,48,"soltero",12,64,"Enseñanza básica",22,0,"Mujer",1
"122","Zona 3",33,41,"soltero",15,37,"Enseñanza básica",11,0,"Hombre",1
"123","Zona 3",14,47,"casado",7,48,"no completo enseñanza básica",13,0,"Hombre",2
"124","Zona 1",17,42,"casado",6,131,"Estudios de Postgrado",6,0,"Hombre",3
"125","Zona 3",19,29,"casado",9,18,"Enseñanza básica",2,0,"Hombre",3
"126","Zona 2",58,36,"soltero",10,38,"Enseñanza básica",14,0,"Mujer",1
"127","Zona 3",22,23,"soltero",3,37,"Enseñanza básica",4,0,"Mujer",3
"128","Zona 2",29,31,"casado",1,60,"Estudios Universitarios",6,0,"Hombre",5
"129","Zona 3",14,22,"casado",2,13,"Enseñanza Media",0,0,"Mujer",4
"130","Zona 2",70,64,"casado",18,98,"no completo enseñanza básica",31,0,"Mujer",2
"131","Zona 1",62,52,"casado",2,195,"no completo enseñanza básica",23,0,"Hombre",2
"132","Zona 2",7,35,"casado",0,47,"no completo enseñanza básica",14,0,"Hombre",5
"133","Zona 1",56,47,"casado",19,65,"Enseñanza básica",22,0,"Hombre",3
"134","Zona 1",50,50,"casado",22,150,"Estudios de Postgrado",5,0,"Mujer",4
"135","Zona 2",57,39,"soltero",6,106,"Estudios de Postgrado",8,0,"Hombre",1
"136","Zona 3",2,40,"soltero",19,51,"Estudios Universitarios",14,0,"Mujer",1
"137","Zona 2",40,38,"soltero",17,96,"Estudios Universitarios",0,0,"Mujer",1
"138","Zona 2",6,43,"soltero",4,33,"Estudios de Postgrado",7,0,"Hombre",2
"139","Zona 3",23,25,"casado",6,38,"Enseñanza básica",1,0,"Mujer",3
"140","Zona 3",11,32,"soltero",6,125,"Estudios Universitarios",5,0,"Hombre",1
"141","Zona 1",29,37,"casado",13,145,"Estudios de Postgrado",0,0,"Mujer",4
"142","Zona 1",42,44,"casado",2,99,"Enseñanza básica",21,0,"Hombre",3
"143","Zona 1",20,34,"casado",2,22,"Estudios Universitarios",0,0,"Mujer",3
"144","Zona 2",72,60,"casado",21,31,"no completo enseñanza básica",38,1,"Hombre",2
"145","Zona 1",2,36,"soltero",3,25,"no completo enseñanza básica",6,0,"Mujer",1
"146","Zona 3",46,25,"soltero",5,57,"Estudios de Postgrado",0,0,"Mujer",2
"147","Zona 2",39,51,"casado",21,41,"Estudios de Postgrado",20,0,"Hombre",6
"148","Zona 3",24,25,"casado",1,20,"Enseñanza Media",1,0,"Mujer",2
"149","Zona 3",59,43,"casado",4,101,"Enseñanza básica",22,0,"Mujer",5
"150","Zona 1",65,37,"soltero",8,56,"Enseñanza básica",15,0,"Hombre",1
"151","Zona 2",50,27,"casado",5,22,"Enseñanza básica",5,0,"Mujer",3
"152","Zona 1",57,37,"soltero",11,108,"Estudios Universitarios",9,0,"Mujer",1
"153","Zona 3",61,48,"soltero",14,115,"Estudios Universitarios",20,0,"Mujer",1
"154","Zona 3",34,54,"soltero",31,53,"Estudios Universitarios",22,0,"Hombre",1
"155","Zona 3",38,53,"soltero",13,242,"Estudios Universitarios",12,0,"Hombre",1
"156","Zona 1",3,24,"casado",2,20,"Enseñanza básica",3,0,"Mujer",5
"157","Zona 2",4,47,"soltero",5,123,"Estudios Universitarios",11,0,"Hombre",1
"158","Zona 2",15,35,"soltero",0,34,"no completo enseñanza básica",12,0,"Hombre",1
"159","Zona 1",25,29,"casado",8,31,"Estudios Universitarios",3,0,"Mujer",5
"160","Zona 3",21,44,"soltero",25,47,"no completo enseñanza básica",12,0,"Mujer",2
"161","Zona 3",50,37,"casado",11,48,"Enseñanza Media",8,0,"Mujer",2
"162","Zona 2",65,64,"casado",22,13,"Enseñanza básica",5,1,"Mujer",3
"163","Zona 2",59,52,"casado",18,78,"no completo enseñanza básica",25,0,"Hombre",2
"164","Zona 3",29,26,"soltero",7,34,"no completo enseñanza básica",7,0,"Mujer",2
"165","Zona 1",60,46,"soltero",17,81,"Estudios de Postgrado",9,0,"Mujer",1
"166","Zona 1",71,45,"casado",14,86,"Enseñanza básica",25,0,"Hombre",2
"167","Zona 3",38,27,"casado",0,26,"Estudios Universitarios",2,0,"Hombre",4
"168","Zona 3",16,34,"casado",5,51,"Enseñanza básica",8,0,"Mujer",5
"169","Zona 3",7,31,"soltero",10,59,"Enseñanza Media",10,0,"Hombre",1
"170","Zona 1",59,53,"soltero",21,112,"Estudios Universitarios",16,0,"Hombre",1
"171","Zona 2",22,56,"casado",14,57,"Estudios Universitarios",28,0,"Hombre",2
"172","Zona 1",18,48,"casado",20,41,"no completo enseñanza básica",2,0,"Mujer",2
"173","Zona 2",64,46,"casado",19,168,"Enseñanza básica",26,0,"Mujer",2
"174","Zona 2",7,33,"soltero",4,29,"Estudios Universitarios",4,0,"Mujer",3
"175","Zona 3",65,58,"soltero",13,167,"Enseñanza básica",14,0,"Mujer",2
"176","Zona 3",7,24,"soltero",5,29,"Enseñanza básica",3,0,"Hombre",3
"177","Zona 1",64,55,"soltero",28,104,"no completo enseñanza básica",26,0,"Mujer",1
"178","Zona 3",42,22,"casado",0,46,"Estudios Universitarios",0,0,"Hombre",2
"179","Zona 3",33,26,"soltero",5,46,"Estudios Universitarios",1,0,"Mujer",3
"180","Zona 1",3,33,"soltero",8,51,"Estudios Universitarios",0,0,"Mujer",1
"181","Zona 2",69,42,"casado",11,65,"Enseñanza básica",18,0,"Hombre",2
"182","Zona 2",9,33,"soltero",1,48,"Enseñanza básica",13,0,"Hombre",2
"183","Zona 3",22,34,"casado",1,46,"Enseñanza Media",1,0,"Hombre",4
"184","Zona 2",53,63,"casado",15,43,"Enseñanza básica",18,0,"Hombre",2
"185","Zona 3",71,53,"soltero",30,110,"no completo enseñanza básica",34,0,"Hombre",1
"186","Zona 3",24,26,"soltero",2,32,"Enseñanza Media",2,0,"Hombre",3
"187","Zona 3",12,22,"casado",1,18,"Enseñanza Media",0,0,"Mujer",2
"188","Zona 1",25,39,"casado",1,26,"Estudios Universitarios",0,0,"Hombre",4
"189","Zona 3",63,28,"casado",9,34,"Enseñanza básica",10,0,"Mujer",6
"190","Zona 1",33,54,"casado",18,57,"Estudios Universitarios",4,0,"Mujer",3
"191","Zona 2",57,54,"casado",20,21,"Enseñanza básica",0,0,"Mujer",3
"192","Zona 3",13,33,"soltero",7,38,"Enseñanza Media",10,0,"Mujer",1
"193","Zona 1",13,21,"soltero",2,19,"Enseñanza Media",0,0,"Mujer",1
"194","Zona 1",71,39,"soltero",2,40,"Enseñanza Media",17,0,"Hombre",1
"195","Zona 3",18,69,"casado",11,58,"Enseñanza Media",8,0,"Hombre",2
"196","Zona 1",17,51,"casado",10,95,"Enseñanza básica",15,0,"Mujer",2
"197","Zona 2",22,43,"soltero",4,114,"Enseñanza básica",19,0,"Hombre",1
"198","Zona 2",65,65,"casado",27,128,"Enseñanza Media",24,0,"Hombre",2
"199","Zona 3",7,40,"soltero",9,33,"Estudios Universitarios",2,0,"Mujer",1
"200","Zona 3",72,66,"soltero",30,460,"Estudios Universitarios",41,0,"Mujer",1
"201","Zona 1",35,43,"soltero",12,224,"Enseñanza Media",17,0,"Hombre",1
"202","Zona 1",24,39,"soltero",2,122,"Estudios Universitarios",12,0,"Hombre",3
"203","Zona 1",64,24,"casado",0,23,"Enseñanza Media",1,0,"Mujer",5
"204","Zona 2",63,63,"casado",19,191,"Enseñanza Media",27,0,"Hombre",2
"205","Zona 1",38,31,"casado",7,187,"Estudios Universitarios",6,0,"Hombre",3
"206","Zona 2",29,37,"casado",9,119,"Enseñanza Media",12,0,"Hombre",3
"207","Zona 1",72,69,"casado",49,44,"Enseñanza básica",44,1,"Mujer",2
"208","Zona 1",10,27,"casado",2,15,"Enseñanza Media",2,0,"Mujer",2
"209","Zona 3",72,64,"soltero",41,674,"Estudios Universitarios",37,0,"Mujer",1
"210","Zona 3",52,23,"casado",4,33,"Estudios Universitarios",0,0,"Mujer",2
"211","Zona 3",13,55,"soltero",3,250,"Enseñanza básica",35,0,"Mujer",2
"212","Zona 1",3,33,"soltero",6,64,"Estudios Universitarios",0,0,"Hombre",2
"213","Zona 3",39,24,"casado",2,26,"Enseñanza básica",4,0,"Hombre",4
"214","Zona 2",28,29,"soltero",4,23,"Enseñanza Media",5,0,"Hombre",2
"215","Zona 2",46,42,"soltero",9,52,"Estudios Universitarios",7,0,"Hombre",3
"216","Zona 2",62,46,"soltero",27,200,"Enseñanza Media",9,0,"Mujer",1
"217","Zona 2",23,33,"casado",7,28,"no completo enseñanza básica",4,0,"Hombre",2
"218","Zona 3",23,25,"casado",5,19,"Estudios de Postgrado",0,0,"Hombre",3
"219","Zona 2",72,61,"casado",39,76,"Enseñanza Media",21,0,"Hombre",2
"220","Zona 3",56,60,"soltero",26,70,"Enseñanza básica",20,0,"Hombre",1
"221","Zona 1",8,30,"soltero",1,34,"Enseñanza básica",9,0,"Mujer",1
"222","Zona 3",3,36,"soltero",7,34,"Estudios de Postgrado",3,0,"Mujer",3
"223","Zona 3",37,37,"soltero",7,172,"Enseñanza Media",13,0,"Hombre",1
"224","Zona 3",37,53,"casado",13,48,"no completo enseñanza básica",10,0,"Hombre",3
"225","Zona 2",6,30,"soltero",9,45,"Enseñanza básica",2,0,"Mujer",1
"226","Zona 1",48,47,"soltero",9,72,"Enseñanza Media",13,0,"Hombre",5
"227","Zona 2",43,43,"casado",3,55,"Estudios Universitarios",18,0,"Mujer",4
"228","Zona 2",21,29,"soltero",7,40,"Estudios Universitarios",2,0,"Mujer",4
"229","Zona 3",6,33,"soltero",12,26,"Enseñanza Media",0,0,"Hombre",1
"230","Zona 2",69,51,"soltero",18,96,"no completo enseñanza básica",33,0,"Hombre",4
"231","Zona 1",22,33,"soltero",9,54,"no completo enseñanza básica",10,0,"Hombre",1
"232","Zona 1",28,40,"casado",1,47,"Enseñanza básica",9,0,"Mujer",3
"233","Zona 1",71,47,"casado",23,142,"no completo enseñanza básica",30,0,"Hombre",2
"234","Zona 2",7,37,"soltero",5,57,"Estudios Universitarios",1,0,"Hombre",1
"235","Zona 1",63,29,"soltero",10,20,"Enseñanza Media",7,0,"Hombre",2
"236","Zona 2",53,57,"soltero",25,37,"no completo enseñanza básica",7,0,"Hombre",1
"237","Zona 2",50,52,"casado",17,36,"Estudios Universitarios",16,0,"Hombre",4
"238","Zona 2",39,31,"casado",6,24,"Estudios Universitarios",2,0,"Hombre",2
"239","Zona 3",16,19,"soltero",0,21,"Enseñanza básica",0,0,"Mujer",1
"240","Zona 3",43,51,"casado",15,186,"Enseñanza Media",25,0,"Hombre",2
"241","Zona 3",44,31,"soltero",12,30,"no completo enseñanza básica",7,0,"Mujer",3
"242","Zona 2",72,66,"casado",43,96,"Enseñanza básica",16,0,"Mujer",2
"243","Zona 3",61,76,"soltero",39,15,"no completo enseñanza básica",29,1,"Hombre",1
"244","Zona 3",43,21,"casado",1,25,"no completo enseñanza básica",4,0,"Hombre",4
"245","Zona 3",24,39,"soltero",11,49,"Enseñanza Media",7,0,"Mujer",1
"246","Zona 3",64,45,"soltero",4,38,"Enseñanza básica",7,0,"Mujer",1
"247","Zona 2",64,38,"soltero",0,29,"Enseñanza básica",2,0,"Hombre",2
"248","Zona 1",24,26,"soltero",7,55,"Enseñanza básica",7,0,"Mujer",1
"249","Zona 3",33,55,"casado",21,64,"Enseñanza Media",10,0,"Mujer",3
"250","Zona 2",33,33,"casado",12,42,"Estudios Universitarios",7,0,"Mujer",5
"251","Zona 1",2,40,"soltero",9,134,"Estudios Universitarios",2,0,"Hombre",1
"252","Zona 2",42,48,"casado",22,82,"no completo enseñanza básica",21,0,"Mujer",5
"253","Zona 1",52,54,"casado",5,153,"Estudios de Postgrado",10,0,"Hombre",2
"254","Zona 1",45,66,"soltero",43,144,"Enseñanza básica",13,0,"Mujer",1
"255","Zona 3",3,25,"soltero",4,22,"Estudios Universitarios",0,0,"Hombre",2
"256","Zona 2",37,53,"casado",16,35,"no completo enseñanza básica",16,0,"Mujer",4
"257","Zona 2",28,57,"soltero",33,82,"Estudios Universitarios",22,0,"Mujer",1
"258","Zona 3",40,63,"casado",9,61,"no completo enseñanza básica",22,0,"Hombre",2
"259","Zona 2",37,33,"soltero",1,102,"Enseñanza básica",12,0,"Hombre",1
"260","Zona 3",7,27,"soltero",5,31,"Enseñanza Media",4,0,"Hombre",5
"261","Zona 1",71,56,"soltero",23,170,"no completo enseñanza básica",30,0,"Mujer",1
"262","Zona 2",19,46,"soltero",11,26,"Enseñanza básica",0,0,"Mujer",1
"263","Zona 2",61,40,"soltero",15,85,"Enseñanza Media",15,0,"Mujer",1
"264","Zona 3",70,53,"casado",16,183,"Enseñanza básica",35,0,"Mujer",2
"265","Zona 2",60,55,"casado",13,67,"no completo enseñanza básica",18,0,"Mujer",2
"266","Zona 3",48,45,"casado",5,42,"no completo enseñanza básica",11,0,"Mujer",2
"267","Zona 1",8,63,"casado",1,31,"no completo enseñanza básica",9,0,"Hombre",2
"268","Zona 2",58,58,"casado",10,96,"Enseñanza básica",17,0,"Hombre",4
"269","Zona 1",16,24,"casado",5,24,"Enseñanza Media",2,0,"Hombre",5
"270","Zona 2",33,33,"soltero",4,53,"Enseñanza básica",14,0,"Mujer",1
"271","Zona 2",39,25,"soltero",4,18,"no completo enseñanza básica",0,0,"Mujer",1
"272","Zona 1",62,51,"soltero",10,43,"Estudios Universitarios",19,0,"Hombre",2
"273","Zona 1",50,34,"soltero",10,104,"Enseñanza Media",9,0,"Hombre",1
"274","Zona 2",48,55,"soltero",31,26,"no completo enseñanza básica",1,0,"Hombre",1
"275","Zona 3",31,62,"soltero",5,56,"Enseñanza básica",26,0,"Mujer",1
"276","Zona 2",65,33,"casado",9,49,"Enseñanza básica",6,0,"Hombre",5
"277","Zona 1",36,58,"soltero",34,80,"no completo enseñanza básica",21,0,"Mujer",1
"278","Zona 1",61,46,"soltero",5,318,"Enseñanza Media",18,0,"Mujer",1
"279","Zona 2",48,42,"soltero",21,35,"Estudios Universitarios",5,0,"Hombre",1
"280","Zona 3",35,45,"soltero",17,29,"no completo enseñanza básica",6,0,"Hombre",1
"281","Zona 1",51,28,"soltero",8,43,"Estudios de Postgrado",1,0,"Hombre",5
"282","Zona 2",49,51,"casado",5,80,"Estudios de Postgrado",3,0,"Hombre",2
"283","Zona 1",35,39,"casado",11,30,"Enseñanza Media",2,0,"Mujer",3
"284","Zona 1",58,70,"soltero",2,9,"Enseñanza Media",24,1,"Mujer",1
"285","Zona 1",23,35,"casado",0,23,"Enseñanza básica",1,0,"Hombre",5
"286","Zona 2",26,39,"casado",15,58,"Estudios Universitarios",9,0,"Mujer",2
"287","Zona 1",38,37,"casado",1,52,"no completo enseñanza básica",20,0,"Mujer",4
"288","Zona 1",35,66,"casado",44,14,"Enseñanza Media",12,1,"Mujer",2
"289","Zona 2",37,50,"soltero",9,110,"Enseñanza básica",21,0,"Mujer",1
"290","Zona 2",48,43,"casado",1,60,"Enseñanza básica",12,0,"Hombre",2
"291","Zona 3",13,43,"casado",1,123,"Enseñanza Media",21,0,"Hombre",5
"292","Zona 1",72,63,"casado",29,15,"Estudios de Postgrado",31,1,"Hombre",2
"293","Zona 1",30,27,"soltero",4,47,"Estudios Universitarios",2,0,"Mujer",2
"294","Zona 1",24,43,"soltero",14,138,"Estudios Universitarios",11,0,"Mujer",1
"295","Zona 2",25,51,"casado",20,359,"Enseñanza Media",29,0,"Hombre",2
"296","Zona 2",50,52,"soltero",30,214,"Enseñanza Media",22,0,"Hombre",1
"297","Zona 2",28,40,"soltero",7,64,"no completo enseñanza básica",19,0,"Hombre",1
"298","Zona 3",34,51,"soltero",8,50,"Estudios Universitarios",14,0,"Hombre",1
"299","Zona 1",48,32,"soltero",2,88,"Enseñanza Media",9,0,"Hombre",1
"300","Zona 2",42,36,"casado",8,86,"Enseñanza básica",15,0,"Mujer",2
"301","Zona 3",67,65,"casado",30,17,"no completo enseñanza básica",29,1,"Mujer",2
"302","Zona 1",17,41,"casado",7,25,"Enseñanza básica",17,0,"Hombre",3
"303","Zona 1",29,38,"casado",19,46,"Enseñanza básica",6,0,"Hombre",2
"304","Zona 3",66,61,"soltero",26,361,"no completo enseñanza básica",40,0,"Mujer",1
"305","Zona 2",1,21,"soltero",1,18,"Enseñanza Media",0,0,"Mujer",1
"306","Zona 1",28,33,"casado",3,14,"Estudios Universitarios",1,0,"Hombre",3
"307","Zona 1",15,35,"casado",5,34,"Enseñanza Media",8,0,"Hombre",2
"308","Zona 2",12,64,"soltero",13,9,"Enseñanza básica",6,1,"Mujer",1
"309","Zona 3",48,49,"soltero",18,39,"Enseñanza básica",5,0,"Mujer",1
"310","Zona 2",59,25,"casado",4,18,"Enseñanza Media",2,0,"Hombre",4
"311","Zona 3",8,26,"casado",1,25,"Estudios Universitarios",1,0,"Hombre",2
"312","Zona 1",45,52,"soltero",15,46,"Estudios de Postgrado",8,0,"Mujer",1
"313","Zona 1",25,39,"casado",8,94,"Estudios Universitarios",11,0,"Mujer",4
"314","Zona 1",21,44,"casado",4,26,"Enseñanza Media",2,0,"Hombre",2
"315","Zona 2",17,68,"casado",1,335,"no completo enseñanza básica",35,0,"Mujer",3
"316","Zona 2",41,45,"soltero",14,25,"Enseñanza Media",6,0,"Hombre",1
"317","Zona 1",13,45,"casado",3,99,"Enseñanza Media",8,0,"Mujer",2
"318","Zona 2",1,26,"casado",3,30,"Enseñanza básica",7,0,"Mujer",5
"319","Zona 3",3,31,"casado",4,35,"Enseñanza básica",2,0,"Mujer",3
"320","Zona 1",23,27,"casado",2,51,"Estudios de Postgrado",1,0,"Mujer",2
"321","Zona 3",26,42,"soltero",20,49,"Enseñanza Media",13,0,"Hombre",1
"322","Zona 1",37,51,"casado",15,54,"no completo enseñanza básica",15,0,"Hombre",3
"323","Zona 3",5,30,"soltero",3,46,"Estudios Universitarios",7,0,"Hombre",1
"324","Zona 1",32,27,"casado",3,91,"Estudios Universitarios",1,0,"Mujer",3
"325","Zona 3",12,22,"soltero",1,23,"Estudios Universitarios",0,0,"Hombre",2
"326","Zona 1",72,54,"casado",6,345,"no completo enseñanza básica",32,0,"Hombre",2
"327","Zona 3",3,25,"casado",2,45,"Estudios Universitarios",0,0,"Mujer",2
"328","Zona 1",54,43,"soltero",12,53,"Enseñanza básica",12,0,"Hombre",1
"329","Zona 2",26,26,"soltero",2,14,"Enseñanza básica",6,0,"Mujer",1
"330","Zona 3",14,36,"soltero",13,67,"Estudios de Postgrado",4,0,"Mujer",1
"331","Zona 3",22,51,"soltero",27,49,"Enseñanza Media",1,0,"Hombre",1
"332","Zona 3",65,47,"casado",18,37,"no completo enseñanza básica",15,0,"Mujer",4
"333","Zona 3",26,45,"soltero",18,33,"no completo enseñanza básica",9,0,"Hombre",1
"334","Zona 1",20,37,"soltero",5,46,"Enseñanza Media",10,0,"Mujer",4
"335","Zona 2",67,60,"casado",32,93,"no completo enseñanza básica",21,0,"Hombre",4
"336","Zona 1",34,55,"soltero",2,48,"Enseñanza básica",11,0,"Hombre",1
"337","Zona 1",37,54,"casado",35,183,"Enseñanza básica",22,0,"Hombre",3
"338","Zona 2",22,23,"casado",3,16,"no completo enseñanza básica",5,0,"Hombre",4
"339","Zona 2",5,69,"soltero",0,11,"Enseñanza básica",14,1,"Hombre",1
"340","Zona 1",28,31,"casado",0,42,"Estudios Universitarios",5,0,"Mujer",3
"341","Zona 1",20,41,"casado",7,67,"Estudios Universitarios",14,0,"Mujer",4
"342","Zona 3",72,41,"soltero",20,181,"Estudios Universitarios",12,0,"Hombre",1
"343","Zona 2",30,43,"soltero",18,53,"Estudios Universitarios",6,0,"Hombre",1
"344","Zona 3",71,52,"soltero",17,172,"Enseñanza básica",32,0,"Hombre",1
"345","Zona 2",56,44,"soltero",24,87,"Enseñanza básica",19,0,"Hombre",1
"346","Zona 1",8,29,"casado",2,21,"Estudios de Postgrado",0,0,"Hombre",2
"347","Zona 2",32,65,"soltero",6,9,"Enseñanza básica",30,1,"Mujer",1
"348","Zona 2",46,47,"soltero",22,144,"Enseñanza Media",22,0,"Mujer",2
"349","Zona 3",60,45,"casado",23,117,"Estudios Universitarios",11,0,"Hombre",3
"350","Zona 2",42,32,"casado",0,59,"Estudios Universitarios",4,0,"Mujer",6
"351","Zona 3",71,60,"casado",39,508,"Estudios Universitarios",35,0,"Hombre",4
"352","Zona 2",72,63,"casado",40,222,"Enseñanza básica",43,1,"Mujer",2
"353","Zona 3",45,66,"soltero",11,87,"Enseñanza Media",25,1,"Mujer",1
"354","Zona 3",5,31,"soltero",4,34,"no completo enseñanza básica",9,0,"Hombre",1
"355","Zona 2",17,38,"casado",19,18,"Estudios Universitarios",0,0,"Mujer",4
"356","Zona 2",70,55,"soltero",12,65,"Enseñanza Media",24,0,"Hombre",1
"357","Zona 3",57,57,"casado",19,130,"Enseñanza Media",27,0,"Mujer",2
"358","Zona 1",20,33,"soltero",13,44,"Enseñanza Media",8,0,"Mujer",1
"359","Zona 1",72,52,"casado",21,63,"no completo enseñanza básica",24,0,"Hombre",3
"360","Zona 3",32,50,"soltero",28,57,"Estudios Universitarios",20,0,"Hombre",1
"361","Zona 3",22,57,"casado",7,264,"no completo enseñanza básica",35,0,"Mujer",2
"362","Zona 2",6,24,"soltero",2,28,"no completo enseñanza básica",5,0,"Hombre",2
"363","Zona 3",32,23,"casado",2,26,"Enseñanza Media",1,0,"Mujer",6
"364","Zona 1",38,33,"soltero",3,38,"Estudios Universitarios",0,0,"Hombre",1
"365","Zona 1",53,35,"soltero",15,59,"Enseñanza Media",5,0,"Mujer",1
"366","Zona 3",37,76,"soltero",38,117,"Estudios Universitarios",21,0,"Mujer",1
"367","Zona 1",47,35,"casado",13,70,"Estudios Universitarios",9,0,"Mujer",2
"368","Zona 3",69,59,"soltero",37,104,"Enseñanza básica",13,0,"Hombre",1
"369","Zona 3",63,56,"soltero",17,71,"Enseñanza Media",18,0,"Mujer",1
"370","Zona 1",61,34,"casado",0,70,"Enseñanza Media",7,0,"Mujer",3
"371","Zona 1",56,38,"casado",8,56,"Estudios Universitarios",10,0,"Hombre",2
"372","Zona 3",40,57,"casado",18,68,"no completo enseñanza básica",23,0,"Hombre",2
"373","Zona 2",61,45,"soltero",21,80,"Enseñanza básica",13,0,"Mujer",1
"374","Zona 2",16,26,"soltero",7,21,"Estudios Universitarios",1,0,"Hombre",6
"375","Zona 2",7,43,"soltero",4,69,"Enseñanza Media",5,0,"Mujer",1
"376","Zona 3",20,31,"casado",10,39,"Enseñanza básica",3,0,"Mujer",2
"377","Zona 2",35,38,"soltero",7,90,"Enseñanza básica",18,0,"Hombre",4
"378","Zona 1",60,37,"casado",12,64,"Estudios de Postgrado",1,0,"Mujer",2
"379","Zona 2",47,25,"soltero",2,28,"Enseñanza básica",6,0,"Hombre",1
"380","Zona 2",33,28,"casado",3,24,"Enseñanza básica",0,0,"Mujer",6
"381","Zona 3",12,34,"soltero",2,44,"Enseñanza básica",7,0,"Hombre",1
"382","Zona 1",10,31,"soltero",0,32,"Estudios Universitarios",7,0,"Mujer",2
"383","Zona 2",69,33,"casado",9,52,"Estudios Universitarios",9,0,"Mujer",3
"384","Zona 1",23,20,"soltero",1,15,"Enseñanza Media",0,0,"Mujer",1
"385","Zona 1",53,31,"soltero",10,46,"Enseñanza Media",6,0,"Hombre",2
"386","Zona 2",60,57,"casado",14,107,"Enseñanza básica",33,0,"Mujer",2
"387","Zona 2",33,33,"soltero",7,56,"Enseñanza básica",11,0,"Hombre",1
"388","Zona 3",67,40,"casado",21,40,"Estudios Universitarios",7,0,"Mujer",4
"389","Zona 3",15,38,"casado",5,56,"Enseñanza Media",13,0,"Hombre",3
"390","Zona 3",64,31,"casado",5,46,"Enseñanza básica",7,0,"Mujer",4
"391","Zona 2",46,49,"casado",13,51,"Enseñanza básica",21,0,"Hombre",2
"392","Zona 2",72,60,"casado",33,12,"no completo enseñanza básica",20,1,"Hombre",3
"393","Zona 1",61,43,"casado",6,34,"Estudios de Postgrado",6,0,"Hombre",3
"394","Zona 3",54,27,"soltero",3,27,"Enseñanza básica",6,0,"Mujer",5
"395","Zona 3",28,36,"soltero",3,42,"Enseñanza Media",7,0,"Mujer",1
"396","Zona 2",28,38,"soltero",8,119,"Estudios de Postgrado",2,0,"Hombre",3
"397","Zona 2",32,43,"soltero",13,146,"no completo enseñanza básica",27,0,"Mujer",1
"398","Zona 2",52,46,"soltero",17,51,"Enseñanza básica",13,0,"Mujer",3
"399","Zona 1",48,62,"soltero",33,86,"no completo enseñanza básica",22,1,"Mujer",1
"400","Zona 3",52,42,"casado",17,27,"Enseñanza Media",8,0,"Mujer",2
"401","Zona 1",37,43,"soltero",8,38,"Enseñanza Media",9,0,"Hombre",1
"402","Zona 1",41,52,"soltero",26,928,"Enseñanza Media",29,0,"Hombre",3
"403","Zona 2",43,27,"casado",3,21,"Enseñanza básica",1,0,"Mujer",3
"404","Zona 3",67,60,"soltero",24,24,"no completo enseñanza básica",6,0,"Mujer",1
"405","Zona 3",61,52,"casado",30,91,"no completo enseñanza básica",25,0,"Mujer",2
"406","Zona 3",70,39,"casado",20,38,"Enseñanza básica",8,0,"Mujer",4
"407","Zona 3",44,32,"casado",1,96,"Estudios Universitarios",5,0,"Mujer",4
"408","Zona 3",46,45,"soltero",12,96,"Enseñanza Media",17,0,"Hombre",1
"409","Zona 3",39,34,"soltero",2,54,"Enseñanza Media",5,0,"Hombre",1
"410","Zona 2",39,59,"soltero",20,1668,"Estudios Universitarios",27,0,"Mujer",1
"411","Zona 2",50,29,"casado",10,53,"Estudios Universitarios",0,0,"Mujer",4
"412","Zona 3",5,31,"soltero",1,21,"Enseñanza Media",1,0,"Mujer",2
"413","Zona 2",10,34,"soltero",1,52,"Estudios de Postgrado",3,0,"Mujer",1
"414","Zona 1",72,69,"soltero",45,17,"Enseñanza Media",36,1,"Mujer",1
"415","Zona 2",68,60,"soltero",40,262,"Enseñanza básica",39,0,"Mujer",1
"416","Zona 3",58,28,"soltero",5,34,"Estudios de Postgrado",1,0,"Mujer",1
"417","Zona 3",18,44,"casado",10,107,"no completo enseñanza básica",19,0,"Mujer",7
"418","Zona 1",65,45,"casado",25,67,"Estudios de Postgrado",13,0,"Mujer",2
"419","Zona 3",8,45,"soltero",1,37,"Estudios Universitarios",0,0,"Hombre",1
"420","Zona 2",1,20,"soltero",1,21,"Enseñanza básica",0,0,"Mujer",2
"421","Zona 3",42,58,"soltero",7,22,"no completo enseñanza básica",4,0,"Mujer",1
"422","Zona 1",4,25,"casado",3,71,"Enseñanza Media",3,0,"Mujer",5
"423","Zona 3",17,35,"soltero",4,77,"Enseñanza Media",8,0,"Mujer",1
"424","Zona 2",8,24,"casado",1,18,"Estudios Universitarios",0,0,"Mujer",5
"425","Zona 1",49,37,"casado",17,50,"Enseñanza básica",12,0,"Mujer",2
"426","Zona 1",56,46,"casado",21,33,"Estudios Universitarios",7,0,"Hombre",2
"427","Zona 1",62,57,"casado",21,94,"no completo enseñanza básica",22,0,"Hombre",2
"428","Zona 2",42,57,"casado",25,209,"no completo enseñanza básica",40,0,"Mujer",4
"429","Zona 1",13,32,"soltero",7,31,"Estudios Universitarios",5,0,"Hombre",2
"430","Zona 1",69,46,"casado",18,66,"Enseñanza básica",19,0,"Hombre",4
"431","Zona 2",45,59,"soltero",14,51,"no completo enseñanza básica",15,0,"Hombre",2
"432","Zona 2",66,42,"casado",18,118,"Enseñanza básica",20,0,"Hombre",2
"433","Zona 2",15,35,"soltero",10,25,"Enseñanza básica",3,0,"Hombre",1
"434","Zona 1",41,44,"casado",1,59,"Enseñanza Media",21,0,"Mujer",3
"435","Zona 2",11,20,"soltero",1,20,"Enseñanza básica",0,0,"Mujer",1
"436","Zona 3",45,30,"casado",0,63,"Estudios de Postgrado",4,0,"Hombre",4
"437","Zona 1",52,62,"soltero",23,36,"Estudios Universitarios",17,0,"Hombre",1
"438","Zona 1",42,56,"soltero",24,72,"Estudios Universitarios",18,0,"Mujer",1
"439","Zona 2",48,35,"soltero",11,50,"no completo enseñanza básica",16,0,"Hombre",3
"440","Zona 3",4,31,"soltero",5,39,"Enseñanza básica",5,0,"Hombre",2
"441","Zona 3",53,64,"casado",10,54,"Enseñanza básica",20,0,"Mujer",2
"442","Zona 3",1,59,"soltero",4,9,"no completo enseñanza básica",4,1,"Hombre",1
"443","Zona 3",19,30,"casado",10,33,"Estudios Universitarios",1,0,"Hombre",3
"444","Zona 2",33,30,"soltero",11,28,"no completo enseñanza básica",9,0,"Hombre",1
"445","Zona 3",42,36,"casado",14,44,"Enseñanza básica",11,0,"Hombre",3
"446","Zona 1",60,32,"soltero",12,34,"Estudios Universitarios",4,0,"Mujer",2
"447","Zona 2",57,51,"casado",7,68,"Estudios Universitarios",18,0,"Mujer",3
"448","Zona 1",64,39,"soltero",5,37,"no completo enseñanza básica",9,0,"Hombre",1
"449","Zona 2",28,20,"casado",1,18,"Enseñanza Media",0,0,"Hombre",3
"450","Zona 1",29,35,"casado",10,55,"Enseñanza básica",7,0,"Hombre",4
"451","Zona 1",46,31,"casado",12,21,"no completo enseñanza básica",5,0,"Hombre",5
"452","Zona 1",22,41,"casado",9,29,"Enseñanza Media",11,0,"Hombre",4
"453","Zona 2",10,56,"soltero",26,9,"Enseñanza básica",6,1,"Hombre",2
"454","Zona 3",50,41,"soltero",16,138,"Enseñanza básica",18,0,"Mujer",1
"455","Zona 1",55,65,"soltero",34,28,"Estudios Universitarios",12,1,"Mujer",1
"456","Zona 2",15,54,"soltero",7,62,"no completo enseñanza básica",11,0,"Hombre",1
"457","Zona 1",31,32,"casado",13,37,"Enseñanza Media",8,0,"Mujer",3
"458","Zona 3",5,44,"soltero",5,83,"no completo enseñanza básica",16,0,"Mujer",1
"459","Zona 2",69,63,"soltero",28,168,"no completo enseñanza básica",43,0,"Mujer",2
"460","Zona 2",26,27,"casado",4,33,"Estudios Universitarios",1,0,"Hombre",6
"461","Zona 3",10,33,"casado",2,66,"Enseñanza Media",9,0,"Mujer",4
"462","Zona 1",26,30,"soltero",9,18,"Estudios Universitarios",1,0,"Hombre",3
"463","Zona 3",25,30,"soltero",0,20,"no completo enseñanza básica",4,0,"Mujer",1
"464","Zona 3",30,23,"casado",4,19,"Enseñanza Media",1,0,"Hombre",4
"465","Zona 1",21,39,"casado",7,25,"Enseñanza básica",1,0,"Hombre",4
"466","Zona 1",71,46,"soltero",27,119,"Estudios de Postgrado",7,0,"Mujer",1
"467","Zona 3",11,48,"casado",5,323,"Estudios Universitarios",25,0,"Hombre",4
"468","Zona 1",24,30,"casado",7,45,"no completo enseñanza básica",11,0,"Mujer",2
"469","Zona 1",65,59,"casado",27,197,"Estudios Universitarios",26,0,"Hombre",2
"470","Zona 1",16,34,"casado",13,56,"Enseñanza Media",10,0,"Mujer",3
"471","Zona 3",37,51,"casado",26,24,"Estudios Universitarios",4,0,"Hombre",2
"472","Zona 1",5,30,"soltero",4,25,"Enseñanza Media",6,0,"Hombre",1
"473","Zona 1",3,55,"casado",9,26,"Estudios de Postgrado",0,0,"Mujer",2
"474","Zona 1",5,32,"soltero",6,33,"Estudios Universitarios",3,0,"Hombre",2
"475","Zona 1",60,44,"casado",4,150,"Enseñanza básica",24,0,"Hombre",2
"476","Zona 2",19,37,"casado",4,99,"Enseñanza básica",15,0,"Mujer",3
"477","Zona 3",54,40,"soltero",19,50,"Estudios Universitarios",12,0,"Mujer",2
"478","Zona 2",25,41,"soltero",3,81,"Enseñanza Media",20,0,"Mujer",4
"479","Zona 2",1,36,"soltero",6,21,"no completo enseñanza básica",1,0,"Hombre",2
"480","Zona 3",54,68,"soltero",7,273,"Enseñanza Media",27,0,"Mujer",1
"481","Zona 1",14,31,"casado",9,39,"Enseñanza Media",4,0,"Mujer",7
"482","Zona 3",14,28,"casado",7,17,"Enseñanza básica",3,0,"Hombre",4
"483","Zona 2",10,45,"casado",8,115,"Enseñanza Media",17,0,"Mujer",4
"484","Zona 1",7,23,"soltero",3,27,"Enseñanza básica",1,0,"Mujer",3
"485","Zona 2",33,45,"soltero",24,35,"no completo enseñanza básica",6,0,"Hombre",1
"486","Zona 1",3,23,"soltero",2,20,"Enseñanza básica",4,0,"Hombre",1
"487","Zona 2",56,58,"casado",3,92,"no completo enseñanza básica",25,0,"Hombre",3
"488","Zona 2",54,56,"soltero",8,207,"Enseñanza básica",35,0,"Mujer",1
"489","Zona 1",72,55,"casado",28,40,"no completo enseñanza básica",11,0,"Hombre",5
"490","Zona 1",18,29,"soltero",4,40,"Enseñanza básica",1,0,"Hombre",1
"491","Zona 3",25,29,"soltero",9,55,"Estudios Universitarios",1,0,"Hombre",1
"492","Zona 1",42,62,"soltero",26,26,"no completo enseñanza básica",35,1,"Mujer",1
"493","Zona 3",4,37,"soltero",2,41,"Enseñanza básica",8,0,"Hombre",1
"494","Zona 2",12,50,"casado",16,203,"Estudios Universitarios",25,0,"Hombre",2
"495","Zona 2",53,64,"casado",17,380,"Enseñanza básica",36,0,"Mujer",2
"496","Zona 2",13,38,"casado",8,104,"Estudios Universitarios",6,0,"Hombre",7
"497","Zona 3",18,31,"casado",12,24,"Enseñanza Media",4,0,"Hombre",4
"498","Zona 3",67,42,"casado",20,81,"Enseñanza Media",20,0,"Mujer",5
"499","Zona 2",6,24,"soltero",2,17,"no completo enseñanza básica",1,0,"Hombre",1
"500","Zona 1",25,46,"soltero",13,45,"no completo enseñanza básica",12,0,"Mujer",1
"501","Zona 2",15,39,"soltero",19,32,"Enseñanza básica",2,0,"Hombre",1
"502","Zona 3",32,35,"soltero",12,57,"Estudios Universitarios",5,0,"Hombre",1
"503","Zona 2",22,39,"soltero",0,63,"Estudios Universitarios",9,0,"Hombre",1
"504","Zona 2",8,22,"soltero",3,25,"Estudios Universitarios",0,0,"Hombre",1
"505","Zona 1",3,31,"casado",4,22,"no completo enseñanza básica",1,0,"Hombre",2
"506","Zona 2",32,54,"soltero",6,155,"Enseñanza básica",20,0,"Hombre",1
"507","Zona 1",49,54,"soltero",24,30,"Enseñanza básica",5,0,"Hombre",1
"508","Zona 2",2,28,"soltero",7,46,"Enseñanza Media",0,0,"Mujer",1
"509","Zona 1",39,47,"soltero",1,68,"Estudios Universitarios",10,0,"Mujer",2
"510","Zona 1",42,33,"soltero",2,67,"Enseñanza básica",5,0,"Hombre",2
"511","Zona 1",28,36,"soltero",3,69,"Enseñanza Media",2,0,"Hombre",1
"512","Zona 2",41,46,"casado",14,47,"Enseñanza básica",11,0,"Hombre",5
"513","Zona 3",67,50,"casado",31,83,"Enseñanza básica",12,0,"Hombre",2
"514","Zona 1",38,40,"soltero",15,34,"Enseñanza básica",11,0,"Mujer",1
"515","Zona 2",18,38,"soltero",8,45,"Enseñanza básica",2,0,"Mujer",4
"516","Zona 2",6,42,"casado",17,29,"Enseñanza básica",2,0,"Mujer",2
"517","Zona 2",4,36,"soltero",0,21,"Enseñanza básica",1,0,"Mujer",3
"518","Zona 1",13,23,"casado",3,30,"Enseñanza Media",0,0,"Mujer",4
"519","Zona 1",20,35,"soltero",0,78,"Estudios Universitarios",7,0,"Hombre",1
"520","Zona 1",34,49,"casado",27,61,"Enseñanza Media",15,0,"Mujer",2
"521","Zona 1",46,29,"casado",4,90,"Estudios de Postgrado",3,0,"Hombre",4
"522","Zona 1",48,41,"soltero",21,43,"Enseñanza básica",7,0,"Hombre",1
"523","Zona 3",69,61,"casado",12,301,"Enseñanza básica",37,0,"Hombre",2
"524","Zona 1",32,34,"casado",7,32,"Enseñanza básica",15,0,"Hombre",4
"525","Zona 1",29,29,"soltero",9,41,"Enseñanza básica",9,0,"Hombre",2
"526","Zona 3",55,52,"soltero",22,127,"no completo enseñanza básica",28,0,"Mujer",3
"527","Zona 3",72,60,"casado",36,271,"no completo enseñanza básica",43,0,"Mujer",2
"528","Zona 3",29,26,"soltero",1,32,"Enseñanza Media",2,0,"Mujer",1
"529","Zona 2",50,25,"casado",1,36,"Estudios Universitarios",2,0,"Mujer",5
"530","Zona 3",35,50,"casado",11,293,"Enseñanza Media",21,0,"Hombre",2
"531","Zona 3",11,63,"soltero",9,41,"Enseñanza Media",3,0,"Hombre",1
"532","Zona 1",9,29,"soltero",9,39,"Enseñanza Media",5,0,"Mujer",1
"533","Zona 2",51,48,"soltero",27,58,"no completo enseñanza básica",18,0,"Hombre",1
"534","Zona 1",33,34,"casado",2,28,"no completo enseñanza básica",3,0,"Mujer",3
"535","Zona 1",25,20,"soltero",0,15,"Enseñanza básica",0,0,"Hombre",2
"536","Zona 3",31,34,"soltero",9,105,"Estudios Universitarios",7,0,"Mujer",4
"537","Zona 2",67,40,"casado",10,80,"Estudios Universitarios",8,0,"Mujer",2
"538","Zona 3",55,45,"soltero",8,36,"Enseñanza básica",9,0,"Hombre",3
"539","Zona 3",19,50,"soltero",7,112,"Estudios Universitarios",3,0,"Mujer",1
"540","Zona 1",39,34,"casado",11,55,"Estudios Universitarios",10,0,"Mujer",4
"541","Zona 2",52,35,"casado",8,40,"Estudios Universitarios",1,0,"Hombre",2
"542","Zona 3",55,37,"casado",15,23,"Enseñanza básica",0,0,"Mujer",5
"543","Zona 2",25,62,"soltero",27,28,"Estudios Universitarios",33,1,"Mujer",1
"544","Zona 3",33,58,"soltero",12,21,"Enseñanza básica",23,1,"Mujer",1
"545","Zona 2",48,35,"soltero",5,63,"Estudios Universitarios",12,0,"Hombre",2
"546","Zona 2",48,31,"casado",12,52,"Estudios Universitarios",3,0,"Hombre",3
"547","Zona 2",49,57,"soltero",3,189,"no completo enseñanza básica",31,0,"Mujer",3
"548","Zona 3",54,32,"casado",0,50,"no completo enseñanza básica",15,0,"Hombre",3
"549","Zona 1",45,32,"casado",9,23,"no completo enseñanza básica",15,0,"Hombre",4
"550","Zona 3",4,37,"casado",1,33,"Enseñanza básica",15,0,"Mujer",5
"551","Zona 3",49,27,"casado",3,29,"Enseñanza Media",6,0,"Mujer",3
"552","Zona 2",23,35,"soltero",2,96,"Enseñanza Media",4,0,"Hombre",1
"553","Zona 2",31,44,"soltero",23,80,"Estudios de Postgrado",15,0,"Hombre",1
"554","Zona 2",55,44,"casado",2,68,"Enseñanza básica",15,0,"Hombre",5
"555","Zona 1",9,28,"soltero",7,30,"no completo enseñanza básica",4,0,"Mujer",6
"556","Zona 2",55,57,"casado",25,34,"Enseñanza básica",12,0,"Hombre",3
"557","Zona 1",34,30,"soltero",3,35,"Enseñanza básica",2,0,"Mujer",3
"558","Zona 1",10,23,"soltero",4,36,"Enseñanza básica",1,0,"Hombre",3
"559","Zona 2",62,76,"soltero",20,35,"Enseñanza Media",18,1,"Mujer",1
"560","Zona 2",51,36,"soltero",13,62,"Enseñanza Media",9,0,"Hombre",2
"561","Zona 1",65,48,"soltero",28,94,"no completo enseñanza básica",25,0,"Hombre",1
"562","Zona 3",53,33,"soltero",1,60,"no completo enseñanza básica",6,0,"Hombre",2
"563","Zona 1",23,35,"soltero",4,118,"Enseñanza básica",11,0,"Hombre",1
"564","Zona 3",1,30,"soltero",3,135,"Estudios Universitarios",3,0,"Hombre",3
"565","Zona 3",66,55,"soltero",20,80,"Enseñanza básica",24,0,"Mujer",1
"566","Zona 3",8,27,"casado",0,21,"Enseñanza Media",3,0,"Mujer",2
"567","Zona 3",18,28,"casado",3,22,"no completo enseñanza básica",2,0,"Mujer",5
"568","Zona 3",36,32,"casado",3,63,"Estudios Universitarios",7,0,"Hombre",4
"569","Zona 1",13,40,"soltero",16,142,"Enseñanza básica",18,0,"Mujer",1
"570","Zona 3",4,44,"soltero",15,32,"Enseñanza Media",0,0,"Mujer",1
"571","Zona 3",20,32,"soltero",10,19,"Enseñanza Media",5,0,"Hombre",1
"572","Zona 1",66,39,"casado",12,60,"Estudios Universitarios",10,0,"Hombre",3
"573","Zona 3",67,47,"casado",7,97,"no completo enseñanza básica",23,0,"Hombre",4
"574","Zona 1",11,24,"casado",0,31,"Enseñanza básica",3,0,"Mujer",4
"575","Zona 1",6,26,"soltero",7,30,"Enseñanza Media",1,0,"Mujer",2
"576","Zona 2",13,23,"casado",4,31,"no completo enseñanza básica",5,0,"Mujer",4
"577","Zona 2",2,29,"casado",3,44,"Enseñanza básica",9,0,"Mujer",6
"578","Zona 1",4,40,"soltero",12,38,"Enseñanza básica",5,0,"Hombre",1
"579","Zona 1",34,63,"casado",10,23,"Enseñanza básica",0,0,"Mujer",2
"580","Zona 1",13,34,"casado",6,37,"Enseñanza Media",6,0,"Hombre",4
"581","Zona 2",37,40,"casado",14,26,"Enseñanza básica",0,0,"Hombre",5
"582","Zona 1",45,30,"casado",8,38,"Enseñanza básica",5,0,"Hombre",6
"583","Zona 2",71,70,"soltero",30,153,"Enseñanza Media",34,1,"Mujer",1
"584","Zona 1",35,40,"soltero",5,49,"no completo enseñanza básica",20,0,"Mujer",1
"585","Zona 3",44,41,"soltero",21,51,"Enseñanza Media",7,0,"Hombre",1
"586","Zona 3",44,45,"casado",19,88,"no completo enseñanza básica",21,0,"Hombre",2
"587","Zona 1",26,41,"casado",20,19,"no completo enseñanza básica",0,0,"Mujer",6
"588","Zona 2",42,46,"casado",9,31,"no completo enseñanza básica",12,0,"Mujer",3
"589","Zona 2",41,47,"casado",6,90,"Enseñanza básica",19,0,"Hombre",3
"590","Zona 1",31,24,"casado",3,14,"no completo enseñanza básica",0,0,"Hombre",4
"591","Zona 3",62,63,"soltero",43,341,"Enseñanza básica",30,0,"Hombre",1
"592","Zona 1",12,23,"casado",2,24,"Estudios Universitarios",0,0,"Mujer",8
"593","Zona 2",45,49,"casado",27,81,"Enseñanza básica",7,0,"Mujer",4
"594","Zona 1",47,34,"casado",4,63,"Enseñanza básica",13,0,"Mujer",4
"595","Zona 2",23,22,"casado",1,27,"no completo enseñanza básica",4,0,"Hombre",5
"596","Zona 3",39,34,"soltero",4,20,"Estudios de Postgrado",3,0,"Mujer",1
"597","Zona 2",19,26,"soltero",2,48,"Enseñanza Media",0,0,"Hombre",2
"598","Zona 1",13,54,"soltero",12,121,"Estudios Universitarios",23,0,"Hombre",1
"599","Zona 2",5,33,"soltero",6,39,"Enseñanza Media",4,0,"Hombre",3
"600","Zona 2",11,19,"soltero",0,21,"Enseñanza básica",0,0,"Hombre",1
"601","Zona 3",4,32,"soltero",2,53,"Estudios Universitarios",5,0,"Hombre",1
"602","Zona 3",17,42,"soltero",8,58,"no completo enseñanza básica",23,0,"Hombre",1
"603","Zona 2",7,27,"soltero",3,39,"Enseñanza Media",2,0,"Hombre",1
"604","Zona 1",19,65,"soltero",3,108,"no completo enseñanza básica",33,0,"Hombre",3
"605","Zona 2",32,34,"casado",0,38,"no completo enseñanza básica",10,0,"Hombre",4
"606","Zona 2",53,51,"soltero",31,245,"Estudios Universitarios",0,0,"Hombre",1
"607","Zona 1",51,38,"soltero",19,51,"no completo enseñanza básica",18,0,"Mujer",1
"608","Zona 1",35,34,"soltero",7,78,"Estudios Universitarios",10,0,"Mujer",1
"609","Zona 1",3,31,"casado",4,23,"Estudios Universitarios",4,0,"Hombre",5
"610","Zona 1",22,48,"soltero",7,88,"Estudios Universitarios",12,0,"Hombre",1
"611","Zona 3",17,21,"casado",0,25,"Enseñanza básica",1,0,"Mujer",3
"612","Zona 2",68,39,"soltero",20,73,"Enseñanza básica",16,0,"Mujer",1
"613","Zona 2",27,41,"casado",7,62,"Estudios Universitarios",15,0,"Mujer",2
"614","Zona 3",68,52,"casado",8,456,"Enseñanza Media",30,0,"Mujer",4
"615","Zona 3",56,42,"casado",10,24,"Enseñanza básica",5,0,"Hombre",2
"616","Zona 3",11,32,"soltero",8,23,"Enseñanza básica",0,0,"Mujer",1
"617","Zona 3",5,47,"soltero",7,46,"no completo enseñanza básica",6,0,"Mujer",1
"618","Zona 3",16,50,"soltero",5,263,"Enseñanza básica",29,0,"Mujer",3
"619","Zona 2",59,30,"soltero",2,34,"Estudios Universitarios",2,0,"Mujer",1
"620","Zona 1",60,64,"soltero",14,33,"Enseñanza básica",13,1,"Hombre",1
"621","Zona 3",55,47,"soltero",11,37,"no completo enseñanza básica",11,0,"Hombre",1
"622","Zona 1",18,56,"soltero",22,296,"Enseñanza básica",25,0,"Hombre",1
"623","Zona 2",16,22,"soltero",0,26,"Enseñanza Media",0,0,"Mujer",3
"624","Zona 1",35,57,"casado",32,47,"Estudios Universitarios",12,0,"Hombre",2
"625","Zona 3",31,23,"casado",1,31,"Enseñanza Media",1,0,"Mujer",2
"626","Zona 2",20,49,"casado",5,264,"Enseñanza básica",29,0,"Mujer",2
"627","Zona 2",16,27,"soltero",5,41,"Estudios Universitarios",2,0,"Mujer",1
"628","Zona 2",69,48,"casado",27,55,"Enseñanza básica",4,0,"Hombre",2
"629","Zona 3",69,66,"casado",31,49,"Enseñanza básica",15,0,"Hombre",2
"630","Zona 2",27,24,"casado",3,26,"no completo enseñanza básica",7,0,"Mujer",4
"631","Zona 3",48,39,"soltero",20,110,"Estudios Universitarios",9,0,"Hombre",1
"632","Zona 1",18,52,"casado",20,66,"no completo enseñanza básica",19,0,"Mujer",2
"633","Zona 2",24,40,"casado",4,39,"Enseñanza Media",5,0,"Mujer",2
"634","Zona 2",17,42,"soltero",6,31,"Enseñanza básica",2,0,"Hombre",1
"635","Zona 2",9,24,"casado",3,26,"Estudios Universitarios",1,0,"Mujer",3
"636","Zona 2",15,46,"soltero",5,232,"Estudios Universitarios",15,0,"Mujer",2
"637","Zona 1",62,37,"casado",10,43,"Estudios Universitarios",1,0,"Mujer",3
"638","Zona 1",9,41,"soltero",12,39,"Estudios Universitarios",3,0,"Hombre",1
"639","Zona 2",71,41,"casado",10,73,"Enseñanza básica",23,0,"Mujer",2
"640","Zona 2",62,59,"casado",37,74,"no completo enseñanza básica",20,0,"Hombre",2
"641","Zona 2",20,38,"soltero",19,237,"Estudios Universitarios",13,0,"Hombre",1
"642","Zona 1",19,33,"casado",11,22,"no completo enseñanza básica",3,0,"Hombre",5
"643","Zona 2",49,61,"casado",28,21,"no completo enseñanza básica",8,0,"Hombre",2
"644","Zona 3",3,64,"soltero",3,9,"Enseñanza básica",6,1,"Hombre",1
"645","Zona 1",33,36,"soltero",2,41,"Estudios de Postgrado",10,0,"Hombre",1
"646","Zona 2",38,44,"soltero",1,50,"Estudios Universitarios",7,0,"Mujer",1
"647","Zona 3",42,48,"casado",14,27,"Enseñanza Media",5,0,"Mujer",3
"648","Zona 1",11,26,"soltero",2,53,"Enseñanza Media",3,0,"Hombre",1
"649","Zona 3",27,28,"casado",0,58,"Enseñanza Media",0,0,"Hombre",2
"650","Zona 3",23,50,"soltero",1,151,"Estudios Universitarios",8,0,"Mujer",1
"651","Zona 2",4,38,"casado",13,54,"Enseñanza básica",4,0,"Hombre",2
"652","Zona 3",36,42,"soltero",5,31,"no completo enseñanza básica",4,0,"Mujer",1
"653","Zona 2",37,42,"soltero",10,115,"no completo enseñanza básica",22,0,"Mujer",1
"654","Zona 3",24,58,"casado",30,24,"no completo enseñanza básica",5,0,"Hombre",2
"655","Zona 3",4,24,"soltero",1,17,"Enseñanza básica",2,0,"Hombre",3
"656","Zona 3",54,33,"soltero",5,47,"Enseñanza básica",13,0,"Mujer",2
"657","Zona 3",7,49,"soltero",8,36,"no completo enseñanza básica",0,0,"Mujer",1
"658","Zona 1",10,28,"soltero",9,75,"Estudios Universitarios",1,0,"Hombre",1
"659","Zona 3",24,35,"casado",10,41,"Estudios de Postgrado",6,0,"Mujer",2
"660","Zona 3",12,31,"soltero",8,18,"Estudios Universitarios",4,0,"Hombre",1
"661","Zona 2",45,54,"soltero",25,171,"Enseñanza Media",33,0,"Mujer",1
"662","Zona 3",59,55,"casado",29,42,"Enseñanza Media",21,0,"Mujer",2
"663","Zona 1",3,21,"casado",1,36,"Enseñanza Media",0,0,"Mujer",4
"664","Zona 3",8,35,"soltero",6,31,"Estudios de Postgrado",7,0,"Hombre",1
"665","Zona 1",16,59,"soltero",5,207,"Enseñanza básica",37,0,"Mujer",2
"666","Zona 3",32,33,"soltero",1,38,"no completo enseñanza básica",12,0,"Mujer",1
"667","Zona 1",8,49,"soltero",14,134,"Estudios Universitarios",9,0,"Mujer",1
"668","Zona 1",9,28,"casado",8,28,"Enseñanza Media",4,0,"Hombre",3
"669","Zona 2",12,19,"casado",0,15,"Enseñanza básica",0,0,"Mujer",4
"670","Zona 2",24,43,"casado",15,48,"Estudios Universitarios",4,0,"Hombre",6
"671","Zona 3",72,75,"soltero",48,14,"Enseñanza básica",6,1,"Mujer",1
"672","Zona 3",58,61,"soltero",42,101,"Estudios Universitarios",18,0,"Mujer",1
"673","Zona 1",70,44,"casado",24,87,"Enseñanza básica",18,0,"Hombre",3
"674","Zona 3",9,25,"soltero",3,27,"no completo enseñanza básica",4,0,"Mujer",1
"675","Zona 1",49,25,"soltero",1,27,"Estudios de Postgrado",0,0,"Mujer",1
"676","Zona 3",52,54,"soltero",7,59,"Enseñanza Media",22,0,"Hombre",1
"677","Zona 1",10,42,"casado",10,294,"Estudios Universitarios",9,0,"Mujer",6
"678","Zona 1",14,52,"casado",2,44,"Enseñanza Media",5,0,"Hombre",2
"679","Zona 1",19,27,"casado",3,35,"Enseñanza básica",4,0,"Hombre",6
"680","Zona 3",12,36,"casado",4,205,"Estudios Universitarios",10,0,"Mujer",4
"681","Zona 1",65,59,"soltero",27,732,"Enseñanza Media",31,0,"Mujer",1
"682","Zona 1",67,40,"casado",14,59,"Enseñanza Media",11,0,"Hombre",2
"683","Zona 2",29,24,"casado",3,23,"no completo enseñanza básica",7,0,"Hombre",2
"684","Zona 3",55,46,"soltero",8,87,"Enseñanza básica",19,0,"Mujer",1
"685","Zona 3",71,67,"casado",25,110,"no completo enseñanza básica",23,0,"Mujer",2
"686","Zona 3",5,44,"casado",2,83,"Enseñanza Media",14,0,"Mujer",3
"687","Zona 3",60,58,"soltero",0,63,"Estudios Universitarios",21,0,"Mujer",3
"688","Zona 2",10,40,"soltero",6,22,"Enseñanza Media",6,0,"Mujer",1
"689","Zona 3",52,64,"soltero",44,43,"Enseñanza Media",7,0,"Hombre",1
"690","Zona 2",61,43,"casado",22,35,"Enseñanza básica",11,0,"Hombre",3
"691","Zona 1",61,29,"casado",5,48,"Enseñanza básica",11,0,"Hombre",4
"692","Zona 2",67,47,"casado",19,69,"Enseñanza Media",12,0,"Hombre",3
"693","Zona 3",41,42,"casado",12,26,"Estudios Universitarios",5,0,"Hombre",4
"694","Zona 1",30,28,"soltero",1,20,"no completo enseñanza básica",8,0,"Mujer",1
"695","Zona 1",24,46,"soltero",12,43,"Enseñanza básica",6,0,"Hombre",1
"696","Zona 1",72,75,"soltero",37,33,"no completo enseñanza básica",44,1,"Mujer",1
"697","Zona 2",17,35,"soltero",7,66,"Enseñanza básica",11,0,"Hombre",1
"698","Zona 2",65,72,"soltero",46,12,"Enseñanza básica",0,1,"Hombre",1
"699","Zona 1",15,30,"casado",8,90,"Enseñanza básica",11,0,"Hombre",5
"700","Zona 1",34,33,"soltero",8,35,"Enseñanza Media",2,0,"Mujer",1
"701","Zona 1",26,43,"soltero",23,51,"Estudios de Postgrado",4,0,"Mujer",1
"702","Zona 2",36,45,"soltero",22,117,"Enseñanza Media",15,0,"Mujer",1
"703","Zona 1",60,48,"soltero",29,100,"Enseñanza básica",26,0,"Mujer",1
"704","Zona 1",16,54,"soltero",20,147,"no completo enseñanza básica",29,0,"Hombre",4
"705","Zona 2",1,33,"soltero",5,53,"Estudios Universitarios",6,0,"Mujer",1
"706","Zona 3",56,30,"casado",9,57,"Estudios de Postgrado",2,0,"Hombre",4
"707","Zona 2",6,50,"soltero",5,37,"Enseñanza básica",0,0,"Hombre",1
"708","Zona 2",48,34,"soltero",7,42,"Enseñanza Media",2,0,"Mujer",1
"709","Zona 2",34,36,"casado",17,50,"no completo enseñanza básica",4,0,"Hombre",2
"710","Zona 2",54,42,"casado",0,55,"Estudios Universitarios",2,0,"Hombre",5
"711","Zona 3",38,31,"casado",2,42,"Enseñanza básica",7,0,"Mujer",4
"712","Zona 2",25,55,"soltero",15,37,"no completo enseñanza básica",7,0,"Mujer",1
"713","Zona 1",47,69,"casado",17,228,"Enseñanza Media",39,0,"Mujer",4
"714","Zona 1",72,62,"casado",35,163,"Estudios de Postgrado",31,0,"Hombre",2
"715","Zona 2",6,35,"casado",6,28,"Estudios Universitarios",3,0,"Mujer",3
"716","Zona 1",30,51,"casado",9,118,"Estudios de Postgrado",21,0,"Mujer",2
"717","Zona 1",65,70,"casado",9,115,"Enseñanza básica",39,1,"Mujer",2
"718","Zona 1",22,44,"casado",19,37,"Estudios Universitarios",1,0,"Hombre",2
"719","Zona 1",60,53,"soltero",32,93,"no completo enseñanza básica",28,0,"Hombre",1
"720","Zona 2",19,32,"soltero",12,71,"Estudios Universitarios",5,0,"Mujer",1
"721","Zona 3",18,25,"soltero",4,26,"Enseñanza básica",7,0,"Mujer",3
"722","Zona 1",9,37,"casado",10,14,"Estudios Universitarios",5,0,"Mujer",6
"723","Zona 1",1,34,"casado",6,18,"no completo enseñanza básica",0,0,"Mujer",2
"724","Zona 3",10,28,"casado",2,36,"Estudios Universitarios",0,0,"Mujer",3
"725","Zona 3",45,34,"casado",14,43,"Estudios Universitarios",0,0,"Hombre",4
"726","Zona 1",25,28,"casado",6,41,"Estudios Universitarios",4,0,"Mujer",4
"727","Zona 3",66,39,"soltero",1,66,"Enseñanza básica",15,0,"Mujer",1
"728","Zona 1",27,67,"soltero",1,33,"Estudios Universitarios",19,1,"Mujer",1
"729","Zona 1",19,41,"soltero",5,53,"Estudios Universitarios",6,0,"Hombre",1
"730","Zona 2",17,41,"casado",9,28,"Estudios Universitarios",3,0,"Hombre",6
"731","Zona 2",16,36,"soltero",13,58,"Estudios Universitarios",4,0,"Hombre",1
"732","Zona 1",8,42,"casado",2,129,"Estudios Universitarios",17,0,"Mujer",3
"733","Zona 1",3,25,"soltero",0,65,"Estudios Universitarios",0,0,"Mujer",1
"734","Zona 3",59,57,"soltero",26,311,"Enseñanza Media",36,0,"Mujer",1
"735","Zona 2",45,37,"soltero",2,57,"Enseñanza Media",14,0,"Mujer",1
"736","Zona 1",66,62,"soltero",31,47,"Enseñanza básica",4,0,"Mujer",1
"737","Zona 3",28,50,"casado",7,25,"no completo enseñanza básica",3,0,"Hombre",2
"738","Zona 1",15,38,"casado",11,46,"Estudios de Postgrado",11,0,"Hombre",3
"739","Zona 3",39,34,"casado",10,51,"Enseñanza Media",13,0,"Mujer",4
"740","Zona 3",38,33,"soltero",4,19,"Enseñanza básica",5,0,"Mujer",2
"741","Zona 3",34,29,"soltero",5,26,"Enseñanza Media",4,0,"Mujer",2
"742","Zona 3",60,57,"casado",18,72,"Estudios de Postgrado",30,1,"Hombre",2
"743","Zona 3",72,65,"casado",33,71,"no completo enseñanza básica",41,1,"Mujer",4
"744","Zona 1",42,42,"casado",9,41,"Enseñanza básica",13,0,"Hombre",8
"745","Zona 3",32,37,"soltero",9,44,"Enseñanza básica",7,0,"Hombre",1
"746","Zona 3",48,50,"casado",4,208,"Estudios Universitarios",19,0,"Mujer",2
"747","Zona 3",63,37,"casado",1,45,"Estudios Universitarios",9,0,"Mujer",6
"748","Zona 3",45,27,"casado",3,39,"Enseñanza Media",2,0,"Hombre",4
"749","Zona 2",68,42,"soltero",16,89,"Estudios Universitarios",12,0,"Hombre",1
"750","Zona 1",6,29,"casado",4,19,"Enseñanza básica",5,0,"Mujer",2
"751","Zona 1",68,57,"casado",33,15,"Enseñanza básica",0,0,"Mujer",2
"752","Zona 3",72,68,"casado",26,59,"Enseñanza básica",36,1,"Mujer",2
"753","Zona 3",53,38,"casado",15,20,"Enseñanza Media",6,0,"Mujer",4
"754","Zona 3",20,51,"casado",11,27,"Estudios Universitarios",6,0,"Hombre",3
"755","Zona 2",70,35,"casado",4,48,"Enseñanza básica",9,0,"Hombre",3
"756","Zona 3",32,47,"soltero",25,135,"Enseñanza básica",6,0,"Mujer",1
"757","Zona 2",61,52,"casado",23,19,"no completo enseñanza básica",0,0,"Hombre",2
"758","Zona 1",24,25,"casado",3,28,"Estudios Universitarios",0,0,"Hombre",3
"759","Zona 2",56,61,"casado",14,12,"no completo enseñanza básica",16,1,"Mujer",2
"760","Zona 3",54,59,"soltero",28,28,"Enseñanza básica",15,0,"Hombre",1
"761","Zona 3",43,38,"casado",7,18,"Enseñanza Media",8,0,"Mujer",3
"762","Zona 1",19,35,"soltero",7,58,"Enseñanza Media",5,0,"Mujer",1
"763","Zona 3",5,43,"soltero",16,72,"Enseñanza Media",17,0,"Mujer",1
"764","Zona 1",24,61,"casado",6,112,"Estudios Universitarios",3,0,"Mujer",4
"765","Zona 3",62,35,"casado",2,28,"Enseñanza básica",8,0,"Mujer",2
"766","Zona 2",14,40,"soltero",13,398,"Estudios de Postgrado",11,0,"Mujer",1
"767","Zona 3",60,48,"casado",22,106,"Enseñanza Media",21,0,"Mujer",3
"768","Zona 2",30,74,"casado",12,10,"no completo enseñanza básica",3,1,"Mujer",2
"769","Zona 1",40,42,"casado",16,108,"Enseñanza Media",17,0,"Hombre",4
"770","Zona 2",42,50,"casado",17,85,"Enseñanza básica",15,0,"Mujer",4
"771","Zona 1",20,34,"soltero",14,51,"Enseñanza Media",9,0,"Mujer",1
"772","Zona 1",4,22,"casado",1,22,"Enseñanza básica",2,0,"Mujer",3
"773","Zona 2",44,49,"casado",2,66,"Enseñanza básica",8,0,"Mujer",4
"774","Zona 3",49,63,"soltero",18,10,"Enseñanza básica",2,1,"Hombre",1
"775","Zona 3",5,36,"casado",2,34,"no completo enseñanza básica",4,0,"Mujer",2
"776","Zona 3",70,50,"casado",29,67,"no completo enseñanza básica",22,0,"Hombre",4
"777","Zona 1",30,57,"casado",16,19,"no completo enseñanza básica",1,0,"Hombre",4
"778","Zona 2",28,48,"soltero",20,128,"Estudios Universitarios",4,0,"Mujer",1
"779","Zona 1",5,28,"casado",3,39,"Estudios de Postgrado",1,0,"Hombre",6
"780","Zona 2",27,35,"soltero",12,56,"no completo enseñanza básica",3,0,"Mujer",1
"781","Zona 2",17,39,"soltero",12,45,"Estudios Universitarios",10,0,"Mujer",1
"782","Zona 1",4,37,"casado",8,25,"no completo enseñanza básica",1,0,"Mujer",5
"783","Zona 1",30,23,"casado",0,24,"Enseñanza básica",1,0,"Mujer",4
"784","Zona 3",71,40,"casado",19,53,"Estudios Universitarios",14,0,"Mujer",2
"785","Zona 3",67,77,"soltero",55,49,"no completo enseñanza básica",45,1,"Mujer",1
"786","Zona 3",24,48,"casado",3,38,"no completo enseñanza básica",16,0,"Mujer",2
"787","Zona 1",24,54,"casado",7,84,"Enseñanza Media",10,0,"Mujer",2
"788","Zona 2",59,54,"soltero",32,126,"no completo enseñanza básica",22,0,"Mujer",1
"789","Zona 3",59,32,"soltero",9,73,"Estudios Universitarios",5,0,"Hombre",1
"790","Zona 3",44,37,"casado",1,41,"Estudios Universitarios",8,0,"Mujer",6
"791","Zona 1",19,31,"casado",0,22,"Estudios Universitarios",2,0,"Hombre",3
"792","Zona 2",58,46,"casado",23,23,"no completo enseñanza básica",2,0,"Mujer",2
"793","Zona 1",41,53,"casado",22,94,"Enseñanza básica",25,0,"Hombre",2
"794","Zona 2",16,33,"soltero",1,30,"Enseñanza Media",7,0,"Hombre",4
"795","Zona 3",13,36,"soltero",11,31,"Enseñanza básica",0,0,"Hombre",1
"796","Zona 1",60,53,"soltero",22,171,"no completo enseñanza básica",37,0,"Mujer",1
"797","Zona 2",72,49,"casado",23,102,"no completo enseñanza básica",27,0,"Mujer",6
"798","Zona 2",33,39,"soltero",17,27,"Estudios Universitarios",3,0,"Mujer",1
"799","Zona 2",72,45,"casado",25,98,"Estudios Universitarios",20,0,"Mujer",2
"800","Zona 1",66,54,"casado",8,591,"Estudios Universitarios",25,0,"Mujer",2
"801","Zona 3",53,37,"casado",7,25,"no completo enseñanza básica",2,0,"Mujer",6
"802","Zona 2",22,28,"casado",0,36,"Estudios Universitarios",0,0,"Hombre",4
"803","Zona 2",14,26,"casado",1,25,"Enseñanza básica",0,0,"Mujer",3
"804","Zona 1",52,49,"soltero",18,69,"Enseñanza básica",13,0,"Mujer",2
"805","Zona 3",33,30,"casado",5,22,"no completo enseñanza básica",0,0,"Hombre",2
"806","Zona 3",72,66,"soltero",26,67,"Enseñanza básica",37,1,"Mujer",1
"807","Zona 1",40,40,"casado",3,73,"Estudios Universitarios",12,0,"Mujer",4
"808","Zona 2",29,26,"soltero",1,22,"Estudios Universitarios",2,0,"Mujer",1
"809","Zona 3",63,67,"soltero",22,9,"Enseñanza básica",12,1,"Hombre",1
"810","Zona 2",56,54,"soltero",25,147,"Enseñanza Media",31,0,"Mujer",1
"811","Zona 3",60,50,"casado",26,239,"Enseñanza básica",19,0,"Mujer",2
"812","Zona 3",28,22,"casado",3,23,"Enseñanza Media",1,0,"Hombre",5
"813","Zona 2",39,39,"soltero",19,29,"Estudios Universitarios",6,0,"Hombre",1
"814","Zona 3",65,39,"casado",18,32,"Enseñanza básica",15,0,"Hombre",4
"815","Zona 3",29,31,"soltero",7,30,"Enseñanza Media",7,0,"Mujer",1
"816","Zona 3",28,36,"soltero",8,57,"Enseñanza básica",13,0,"Mujer",2
"817","Zona 1",2,18,"soltero",0,20,"Enseñanza básica",0,0,"Hombre",1
"818","Zona 3",67,52,"soltero",13,248,"Enseñanza básica",20,0,"Mujer",3
"819","Zona 3",5,35,"casado",9,59,"Enseñanza Media",8,0,"Mujer",5
"820","Zona 3",48,35,"soltero",10,24,"Enseñanza básica",6,0,"Hombre",1
"821","Zona 2",10,26,"casado",4,25,"no completo enseñanza básica",4,0,"Mujer",3
"822","Zona 2",17,28,"soltero",3,37,"Enseñanza Media",2,0,"Mujer",1
"823","Zona 1",21,24,"casado",0,30,"Estudios Universitarios",0,0,"Mujer",5
"824","Zona 2",25,51,"soltero",9,66,"Estudios Universitarios",13,0,"Hombre",2
"825","Zona 3",44,31,"soltero",8,16,"no completo enseñanza básica",3,0,"Hombre",1
"826","Zona 2",59,49,"soltero",28,429,"Estudios Universitarios",23,0,"Mujer",2
"827","Zona 2",11,26,"soltero",7,20,"Enseñanza básica",4,0,"Hombre",1
"828","Zona 2",50,68,"casado",32,262,"Enseñanza Media",28,0,"Hombre",2
"829","Zona 3",23,25,"casado",2,28,"Enseñanza Media",1,0,"Mujer",5
"830","Zona 1",17,19,"soltero",0,18,"Enseñanza básica",0,0,"Mujer",2
"831","Zona 1",15,62,"casado",3,144,"Enseñanza Media",21,0,"Hombre",2
"832","Zona 2",68,57,"casado",38,33,"no completo enseñanza básica",9,0,"Mujer",2
"833","Zona 1",69,42,"casado",23,19,"Enseñanza Media",0,0,"Mujer",2
"834","Zona 1",30,24,"casado",3,30,"no completo enseñanza básica",7,0,"Mujer",5
"835","Zona 3",22,30,"soltero",8,41,"Enseñanza básica",8,0,"Hombre",1
"836","Zona 2",10,20,"casado",1,20,"Enseñanza básica",0,0,"Mujer",4
"837","Zona 1",72,59,"casado",12,65,"Enseñanza Media",21,0,"Mujer",6
"838","Zona 2",34,24,"casado",5,17,"Estudios Universitarios",0,0,"Mujer",2
"839","Zona 2",43,49,"casado",18,66,"no completo enseñanza básica",22,0,"Hombre",4
"840","Zona 3",31,37,"casado",15,18,"Estudios Universitarios",5,0,"Hombre",3
"841","Zona 2",6,27,"casado",5,26,"Estudios Universitarios",2,0,"Hombre",5
"842","Zona 2",48,42,"soltero",21,46,"Estudios Universitarios",4,0,"Hombre",1
"843","Zona 2",50,25,"soltero",6,19,"no completo enseñanza básica",5,0,"Hombre",3
"844","Zona 3",20,41,"casado",19,58,"Enseñanza básica",6,0,"Mujer",2
"845","Zona 3",61,73,"soltero",10,25,"no completo enseñanza básica",21,1,"Hombre",1
"846","Zona 2",6,21,"soltero",0,15,"Enseñanza básica",1,0,"Mujer",1
"847","Zona 2",1,22,"soltero",2,35,"Enseñanza básica",2,0,"Hombre",1
"848","Zona 1",21,43,"soltero",13,41,"Enseñanza básica",1,0,"Mujer",1
"849","Zona 3",7,32,"soltero",1,71,"Estudios Universitarios",3,0,"Hombre",2
"850","Zona 3",65,56,"casado",19,608,"Enseñanza Media",34,0,"Mujer",2
"851","Zona 1",64,37,"soltero",10,44,"Estudios Universitarios",9,0,"Mujer",1
"852","Zona 3",4,30,"soltero",0,41,"Enseñanza básica",0,0,"Hombre",2
"853","Zona 1",67,45,"casado",22,83,"Enseñanza Media",11,0,"Mujer",2
"854","Zona 2",22,35,"soltero",12,28,"Enseñanza básica",3,0,"Hombre",2
"855","Zona 3",51,37,"casado",17,101,"Enseñanza básica",10,0,"Mujer",2
"856","Zona 1",50,28,"soltero",6,28,"no completo enseñanza básica",10,0,"Mujer",1
"857","Zona 1",31,47,"casado",18,35,"Enseñanza básica",0,0,"Hombre",2
"858","Zona 3",4,28,"soltero",0,39,"Enseñanza básica",3,0,"Mujer",1
"859","Zona 3",60,56,"soltero",19,51,"Estudios Universitarios",11,0,"Hombre",1
"860","Zona 3",7,31,"casado",12,31,"Enseñanza básica",7,0,"Mujer",6
"861","Zona 3",20,40,"soltero",2,209,"Estudios Universitarios",15,0,"Mujer",1
"862","Zona 2",19,23,"casado",4,37,"Enseñanza Media",1,0,"Mujer",4
"863","Zona 3",58,37,"casado",5,64,"Estudios Universitarios",8,0,"Mujer",2
"864","Zona 3",65,64,"soltero",20,88,"Enseñanza Media",26,0,"Mujer",1
"865","Zona 3",72,61,"casado",34,61,"no completo enseñanza básica",8,0,"Hombre",3
"866","Zona 3",8,42,"soltero",3,66,"Enseñanza Media",10,0,"Hombre",1
"867","Zona 2",33,40,"casado",14,19,"Enseñanza Media",5,0,"Hombre",2
"868","Zona 3",18,34,"casado",4,42,"Enseñanza básica",14,0,"Mujer",5
"869","Zona 2",24,31,"casado",6,41,"Enseñanza básica",13,0,"Hombre",5
"870","Zona 3",70,36,"soltero",8,50,"no completo enseñanza básica",15,0,"Mujer",1
"871","Zona 1",7,38,"soltero",4,70,"Estudios Universitarios",4,0,"Hombre",1
"872","Zona 3",70,59,"soltero",27,85,"no completo enseñanza básica",19,0,"Mujer",1
"873","Zona 2",20,48,"casado",21,45,"Enseñanza Media",2,0,"Mujer",2
"874","Zona 3",54,32,"casado",12,27,"no completo enseñanza básica",9,0,"Hombre",2
"875","Zona 3",36,48,"soltero",28,29,"no completo enseñanza básica",2,0,"Hombre",1
"876","Zona 3",71,53,"casado",29,48,"Estudios Universitarios",0,0,"Mujer",2
"877","Zona 1",17,41,"soltero",4,32,"Enseñanza básica",3,0,"Hombre",1
"878","Zona 1",18,45,"casado",17,43,"no completo enseñanza básica",9,0,"Hombre",3
"879","Zona 1",16,27,"soltero",8,16,"Estudios de Postgrado",0,0,"Mujer",1
"880","Zona 3",38,30,"casado",6,22,"Enseñanza básica",3,0,"Mujer",2
"881","Zona 1",52,45,"casado",19,40,"Enseñanza Media",9,0,"Mujer",3
"882","Zona 1",46,48,"casado",12,256,"Enseñanza Media",25,0,"Hombre",6
"883","Zona 2",31,46,"soltero",23,144,"Estudios Universitarios",13,0,"Hombre",1
"884","Zona 2",23,31,"soltero",10,45,"Estudios Universitarios",0,0,"Hombre",2
"885","Zona 2",38,56,"casado",34,34,"Enseñanza básica",0,0,"Mujer",3
"886","Zona 2",50,54,"soltero",15,248,"Enseñanza Media",28,0,"Mujer",1
"887","Zona 2",16,49,"soltero",17,41,"Enseñanza básica",5,0,"Hombre",1
"888","Zona 2",14,34,"casado",4,27,"Estudios Universitarios",1,0,"Mujer",2
"889","Zona 2",30,52,"soltero",23,17,"Enseñanza Media",3,0,"Mujer",1
"890","Zona 3",22,47,"casado",0,44,"Estudios Universitarios",11,0,"Mujer",3
"891","Zona 1",38,55,"casado",12,135,"Enseñanza básica",24,0,"Hombre",4
"892","Zona 3",59,26,"casado",3,41,"Estudios Universitarios",1,0,"Mujer",3
"893","Zona 2",54,55,"soltero",1,587,"Enseñanza Media",33,0,"Hombre",1
"894","Zona 3",9,40,"soltero",13,38,"Estudios Universitarios",7,0,"Mujer",1
"895","Zona 1",67,67,"casado",38,49,"Enseñanza básica",10,0,"Mujer",2
"896","Zona 2",24,44,"soltero",19,33,"Enseñanza Media",0,0,"Mujer",2
"897","Zona 2",12,55,"casado",13,36,"no completo enseñanza básica",5,0,"Mujer",2
"898","Zona 1",26,47,"soltero",13,54,"Enseñanza Media",0,0,"Hombre",1
"899","Zona 2",3,32,"soltero",4,58,"Enseñanza básica",11,0,"Hombre",4
"900","Zona 2",20,46,"soltero",2,23,"Estudios de Postgrado",4,0,"Mujer",2
"901","Zona 3",5,52,"casado",0,97,"Estudios de Postgrado",9,0,"Hombre",2
"902","Zona 3",58,53,"soltero",19,207,"Enseñanza Media",12,0,"Mujer",1
"903","Zona 1",54,28,"casado",2,21,"Enseñanza Media",3,0,"Hombre",4
"904","Zona 2",52,39,"soltero",6,119,"Enseñanza Media",18,0,"Mujer",1
"905","Zona 2",38,30,"casado",10,25,"no completo enseñanza básica",5,0,"Mujer",4
"906","Zona 2",19,46,"soltero",5,59,"Enseñanza Media",17,0,"Hombre",1
"907","Zona 2",22,33,"casado",2,24,"no completo enseñanza básica",3,0,"Hombre",4
"908","Zona 1",49,35,"casado",15,113,"Estudios Universitarios",4,0,"Hombre",5
"909","Zona 3",5,39,"soltero",0,22,"no completo enseñanza básica",0,0,"Mujer",2
"910","Zona 2",18,69,"soltero",28,11,"no completo enseñanza básica",17,1,"Hombre",1
"911","Zona 3",43,29,"soltero",4,33,"no completo enseñanza básica",13,0,"Mujer",4
"912","Zona 3",17,50,"soltero",2,205,"Estudios de Postgrado",19,0,"Hombre",1
"913","Zona 2",37,33,"soltero",4,41,"Enseñanza Media",8,0,"Mujer",3
"914","Zona 2",8,39,"soltero",0,39,"no completo enseñanza básica",7,0,"Mujer",1
"915","Zona 2",51,46,"casado",8,107,"Enseñanza básica",21,0,"Mujer",6
"916","Zona 1",71,55,"casado",11,198,"no completo enseñanza básica",31,0,"Mujer",3
"917","Zona 1",56,53,"casado",23,100,"Estudios de Postgrado",14,0,"Mujer",2
"918","Zona 3",70,68,"soltero",21,1131,"Enseñanza básica",45,0,"Hombre",1
"919","Zona 1",62,53,"soltero",14,360,"Enseñanza Media",26,0,"Mujer",2
"920","Zona 1",50,52,"casado",22,162,"Enseñanza básica",27,0,"Mujer",2
"921","Zona 3",1,31,"soltero",3,29,"Estudios de Postgrado",2,0,"Mujer",3
"922","Zona 3",15,26,"soltero",1,38,"Estudios Universitarios",1,0,"Hombre",2
"923","Zona 3",72,55,"casado",24,82,"Enseñanza Media",25,0,"Mujer",2
"924","Zona 2",69,47,"casado",10,159,"Enseñanza básica",24,0,"Hombre",4
"925","Zona 2",32,44,"soltero",10,201,"Enseñanza básica",24,0,"Hombre",1
"926","Zona 1",19,25,"casado",6,27,"Estudios Universitarios",0,0,"Mujer",2
"927","Zona 2",42,54,"soltero",19,57,"Enseñanza Media",10,0,"Mujer",1
"928","Zona 3",51,49,"soltero",29,45,"no completo enseñanza básica",16,0,"Hombre",1
"929","Zona 2",32,22,"casado",2,17,"Enseñanza básica",2,0,"Mujer",4
"930","Zona 3",26,55,"casado",13,61,"no completo enseñanza básica",26,0,"Hombre",2
"931","Zona 2",39,44,"casado",14,418,"Estudios Universitarios",18,0,"Hombre",2
"932","Zona 2",72,53,"soltero",12,152,"Enseñanza básica",32,0,"Mujer",1
"933","Zona 2",4,39,"soltero",11,38,"Estudios Universitarios",1,0,"Hombre",2
"934","Zona 2",54,50,"casado",5,151,"Estudios Universitarios",20,0,"Hombre",3
"935","Zona 1",34,40,"casado",21,23,"Estudios Universitarios",9,0,"Mujer",3
"936","Zona 1",20,25,"casado",4,33,"Estudios Universitarios",0,0,"Mujer",3
"937","Zona 3",14,49,"soltero",4,26,"no completo enseñanza básica",8,0,"Hombre",1
"938","Zona 1",61,59,"soltero",26,89,"no completo enseñanza básica",40,1,"Mujer",1
"939","Zona 2",4,24,"soltero",2,25,"Estudios Universitarios",0,0,"Hombre",1
"940","Zona 3",16,48,"soltero",25,59,"Enseñanza básica",13,0,"Hombre",2
"941","Zona 1",13,41,"soltero",9,55,"Enseñanza básica",12,0,"Mujer",3
"942","Zona 2",53,37,"casado",18,25,"Enseñanza Media",6,0,"Mujer",2
"943","Zona 2",58,36,"casado",13,39,"Enseñanza básica",8,0,"Mujer",7
"944","Zona 2",25,38,"casado",19,56,"no completo enseñanza básica",19,0,"Mujer",2
"945","Zona 1",71,61,"casado",19,155,"Enseñanza Media",30,0,"Hombre",2
"946","Zona 1",22,33,"casado",13,119,"Estudios de Postgrado",0,0,"Mujer",4
"947","Zona 1",46,48,"casado",15,64,"Enseñanza Media",20,0,"Hombre",2
"948","Zona 3",66,50,"casado",2,333,"Estudios de Postgrado",24,0,"Hombre",2
"949","Zona 1",69,58,"casado",29,26,"Enseñanza básica",7,0,"Mujer",3
"950","Zona 2",38,49,"casado",3,33,"Estudios Universitarios",11,0,"Hombre",4
"951","Zona 3",16,35,"soltero",7,46,"Enseñanza Media",3,0,"Hombre",1
"952","Zona 3",44,39,"casado",8,41,"Enseñanza básica",8,0,"Hombre",4
"953","Zona 1",50,50,"soltero",24,31,"no completo enseñanza básica",8,0,"Hombre",1
"954","Zona 3",10,23,"soltero",1,29,"Estudios Universitarios",0,0,"Mujer",1
"955","Zona 2",7,41,"soltero",6,94,"Enseñanza básica",16,0,"Hombre",1
"956","Zona 3",71,48,"soltero",25,288,"Enseñanza Media",19,0,"Hombre",1
"957","Zona 3",16,39,"casado",5,31,"no completo enseñanza básica",4,0,"Mujer",5
"958","Zona 3",6,20,"soltero",0,25,"Enseñanza básica",0,0,"Mujer",2
"959","Zona 2",46,55,"soltero",24,269,"Enseñanza básica",35,0,"Hombre",1
"960","Zona 3",51,49,"casado",13,203,"Enseñanza Media",27,0,"Hombre",4
"961","Zona 3",5,34,"soltero",12,22,"Enseñanza básica",2,0,"Hombre",2
"962","Zona 2",49,54,"casado",23,25,"Enseñanza básica",1,0,"Mujer",4
"963","Zona 3",49,51,"casado",14,222,"Estudios de Postgrado",16,0,"Hombre",2
"964","Zona 1",26,30,"casado",4,76,"Enseñanza Media",7,0,"Hombre",2
"965","Zona 3",22,39,"soltero",4,55,"Enseñanza básica",17,0,"Mujer",1
"966","Zona 3",51,45,"casado",4,46,"Enseñanza Media",6,0,"Hombre",2
"967","Zona 1",19,27,"casado",7,56,"Estudios Universitarios",1,0,"Hombre",4
"968","Zona 1",9,36,"soltero",1,79,"Enseñanza Media",11,0,"Mujer",5
"969","Zona 3",15,25,"casado",0,51,"Enseñanza Media",2,0,"Mujer",2
"970","Zona 2",57,63,"soltero",19,61,"no completo enseñanza básica",27,0,"Hombre",1
"971","Zona 3",48,45,"soltero",15,41,"no completo enseñanza básica",10,0,"Mujer",2
"972","Zona 2",9,53,"casado",20,50,"Enseñanza básica",13,0,"Mujer",2
"973","Zona 1",61,52,"soltero",21,82,"no completo enseñanza básica",18,0,"Hombre",1
"974","Zona 3",72,53,"soltero",34,108,"no completo enseñanza básica",23,0,"Hombre",1
"975","Zona 3",57,60,"soltero",20,14,"Enseñanza básica",27,1,"Mujer",1
"976","Zona 2",57,51,"soltero",10,46,"no completo enseñanza básica",13,0,"Hombre",1
"977","Zona 1",37,60,"casado",0,46,"no completo enseñanza básica",20,0,"Hombre",3
"978","Zona 3",45,51,"soltero",13,146,"Estudios Universitarios",16,0,"Hombre",2
"979","Zona 3",45,39,"casado",15,36,"no completo enseñanza básica",11,0,"Mujer",5
"980","Zona 2",55,44,"soltero",24,83,"no completo enseñanza básica",23,0,"Mujer",1
"981","Zona 2",24,27,"soltero",2,17,"Enseñanza Media",3,0,"Hombre",5
"982","Zona 3",1,20,"soltero",1,18,"Enseñanza Media",0,0,"Hombre",1
"983","Zona 2",34,23,"casado",3,24,"no completo enseñanza básica",7,0,"Mujer",4
"984","Zona 3",14,37,"casado",5,48,"Enseñanza Media",1,0,"Mujer",4
"985","Zona 3",6,32,"soltero",10,47,"no completo enseñanza básica",10,0,"Hombre",1
"986","Zona 3",24,30,"soltero",0,25,"Estudios Universitarios",5,0,"Hombre",2
"987","Zona 2",3,26,"casado",6,59,"Estudios Universitarios",0,0,"Mujer",3
"988","Zona 1",4,30,"soltero",1,45,"Estudios Universitarios",6,0,"Hombre",3
"989","Zona 1",72,40,"casado",19,163,"Estudios Universitarios",15,0,"Hombre",2
"990","Zona 1",44,56,"soltero",4,63,"Enseñanza básica",6,0,"Mujer",1
"991","Zona 1",50,43,"soltero",6,27,"Enseñanza Media",4,0,"Hombre",1
"992","Zona 2",61,50,"casado",16,190,"Enseñanza básica",22,0,"Mujer",2
"993","Zona 1",34,52,"casado",2,106,"Enseñanza básica",19,0,"Hombre",2
"994","Zona 3",26,54,"casado",30,26,"Enseñanza Media",1,0,"Mujer",2
"995","Zona 1",15,46,"casado",17,63,"Estudios de Postgrado",1,0,"Hombre",2
"996","Zona 3",10,39,"soltero",0,27,"Enseñanza Media",0,0,"Mujer",3
"997","Zona 1",7,34,"soltero",2,22,"Estudios de Postgrado",5,0,"Mujer",1
"998","Zona 3",67,59,"soltero",40,944,"Estudios de Postgrado",33,0,"Mujer",1
"999","Zona 3",70,49,"soltero",18,87,"Enseñanza básica",22,0,"Mujer",1
"1000","Zona 3",50,36,"casado",7,39,"Enseñanza Media",3,0,"Mujer",3
